Workbook

Sheet URL_ALL
A1: ID | B1: Imagen Original | C1: Imagen Renombrada | D1: Name | E1: Sector | F1: Sensor | G1: Proyecto | H1: FechaAdqui | I1: FechaCarga | J1: Estado | K1: URL | L1: PAIS | M1: COMPAÑÍA | N1: TIPO | O1: Tipo 2 | P1: DIA | Q1: MES | R1: AÑO | S1: Carpeta | T1: Zorder | U1: Mosaic Dataset | V1: Nombre Concatenado | W1: Nombre Sector | X1: Verificacion | Y1: Correlativo Vuelo | Z1: NombreVuelo
A2: 1 | B2: 20250108_EB1-Orthomosaic.tiff | C2: =CONCATENATE(L2,"_",M2,"_",G2,"_",N2,"_",O2,"_",R2,"_",Q2,"_",P2,"_",E2,".tiff") -> CL_MLP_PAO_IF_Ortho_25_01_08_EB1.tiff | D2: =CONCATENATE(L2,"_",M2,"_",G2,"_",N2,"_",O2,"_",R2,"_",Q2,"_",P2,"_",E2) -> CL_MLP_PAO_IF_Ortho_25_01_08_EB1 | E2: EB1 | F2: DJI MATRICE 350 RTK | G2: PAO | H2: 45665.167 | I2: 45868 | J2: Activo | K2: =CONCATENATE("https://sig.aminerals.cl/imgdyn/rest/services/CL_MLP_PAO/",U2,"/","ImageServer/file?id=.\",S2,"\",R2,"_",Q2,"_",P2,"\",C2,"&rasterId=") -> https://sig.aminerals.cl/imgdyn/rest/services/CL_MLP_PAO/CL_MLP_PAO_IF_Ortho_ALL/ImageServer/file?id=.\Puerto_Punta_Chungo_Drone\25_01_08\CL_MLP_PAO_IF_Ortho_25_01_08_EB1.tiff&rasterId= | L2: CL | M2: MLP | N2: IF | O2: Ortho | P2: =TEXT(H2,"dd") -> 08 | Q2: =TEXT(H2,"MM") -> 01 | R2: =TEXT(H2,"YY") -> 25 | S2: Puerto_Punta_Chungo_Drone | T2: 1 | U2: CL_MLP_PAO_IF_Ortho_ALL | V2: =RIGHT(D2,LEN(D2)-29) -> EB1 | W2: =E2 -> EB1 | X2: =V2=W2 -> TRUE | Y2: =VLOOKUP(D2,'Orden de Imagen'!$A$1:D142,4,FALSE()) -> 001 | Z2: =CONCATENATE(Y2,"_",R2,"_",Q2,"_",P2,"_",E2) -> 001_25_01_08_EB1
A3: 2 | B3: 20250226_Area1_Cuncumen-D835-Orthomosaic.tiff | C3: CL_MLP_PAO_IF_Ortho_25_02_26_Area1_Cuncumen-D835.tiff | D3: =CONCATENATE(L3,"_",M3,"_",G3,"_",N3,"_",O3,"_",R3,"_",Q3,"_",P3,"_",E3) -> CL_MLP_PAO_IF_Ortho_25_02_26_Area1_Cuncumen-D835 | E3: Area1_Cuncumen-D835 | F3: DJI MATRICE 350 RTK | G3: PAO | H3: 45714.167 | I3: 45868 | J3: Activo | K3: =CONCATENATE("https://sig.aminerals.cl/imgdyn/rest/services/CL_MLP_PAO/",U3,"/","ImageServer/file?id=.\",S3,"\",R3,"_",Q3,"_",P3,"\",C3,"&rasterId=") -> https://sig.aminerals.cl/imgdyn/rest/services/CL_MLP_PAO/CL_MLP_PAO_IF_Ortho_ALL/ImageServer/file?id=.\Chacay_El_Mauro_Drone\25_02_26\CL_MLP_PAO_IF_Ortho_25_02_26_Area1_Cuncumen-D835.tiff&rasterId= | L3: CL | M3: MLP | N3: IF | O3: Ortho | P3: =TEXT(H3,"dd") -> 26 | Q3: =TEXT(H3,"MM") -> 02 | R3: =TEXT(H3,"YY") -> 25 | S3: Chacay_El_Mauro_Drone | T3: 1 | U3: CL_MLP_PAO_IF_Ortho_ALL | V3: =RIGHT(D3,LEN(D3)-29) -> Area1_Cuncumen-D835 | W3: Area1_Cuncumen-D835 | X3: =V3=W3 -> TRUE | Y3: =VLOOKUP(D3,'Orden de Imagen'!$A$1:D143,4,FALSE()) -> #N/A | Z3: =CONCATENATE(Y3,"_",R3,"_",Q3,"_",P3,"_",E3) -> #N/A
A4: 3 | B4: 20250226_Area2_Cuncumen-D835-Orthomosaic.tiff | C4: CL_MLP_PAO_IF_Ortho_25_02_26_Area2_Cuncumen-D835.tiff | D4: =CONCATENATE(L4,"_",M4,"_",G4,"_",N4,"_",O4,"_",R4,"_",Q4,"_",P4,"_",E4) -> CL_MLP_PAO_IF_Ortho_25_02_26_Area2_Cuncumen-D835 | E4: Area2_Cuncumen-D835 | F4: DJI MATRICE 350 RTK | G4: PAO | H4: 45714.167 | I4: 45869 | J4: Activo | K4: =CONCATENATE("https://sig.aminerals.cl/imgdyn/rest/services/CL_MLP_PAO/",U4,"/","ImageServer/file?id=.\",S4,"\",R4,"_",Q4,"_",P4,"\",C4,"&rasterId=") -> https://sig.aminerals.cl/imgdyn/rest/services/CL_MLP_PAO/CL_MLP_PAO_IF_Ortho_ALL/ImageServer/file?id=.\Chacay_El_Mauro_Drone\25_02_26\CL_MLP_PAO_IF_Ortho_25_02_26_Area2_Cuncumen-D835.tiff&rasterId= | L4: CL | M4: MLP | N4: IF | O4: Ortho | P4: =TEXT(H4,"dd") -> 26 | Q4: =TEXT(H4,"MM") -> 02 | R4: =TEXT(H4,"YY") -> 25 | S4: Chacay_El_Mauro_Drone | T4: 1 | U4: CL_MLP_PAO_IF_Ortho_ALL | V4: =RIGHT(D4,LEN(D4)-29) -> Area2_Cuncumen-D835 | W4: =E4 -> Area2_Cuncumen-D835 | X4: =V4=W4 -> TRUE | Y4: =VLOOKUP(D4,'Orden de Imagen'!$A$1:D144,4,FALSE()) -> #N/A | Z4: =CONCATENATE(Y4,"_",R4,"_",Q4,"_",P4,"_",E4) -> #N/A
A5: 4 | B5: 20250226_RutaD835.tif | C5: CL_MLP_PAO_IF_Ortho_25_02_26_RutaD835.tiff | D5: =CONCATENATE(L5,"_",M5,"_",G5,"_",N5,"_",O5,"_",R5,"_",Q5,"_",P5,"_",E5) -> CL_MLP_PAO_IF_Ortho_25_02_26_RutaD835 | E5: RutaD835 | F5: DJI MATRICE 350 RTK | G5: PAO | H5: 45714.167 | I5: 45870 | J5: Activo | K5: =CONCATENATE("https://sig.aminerals.cl/imgdyn/rest/services/CL_MLP_PAO/",U5,"/","ImageServer/file?id=.\",S5,"\",R5,"_",Q5,"_",P5,"\",C5,"&rasterId=") -> https://sig.aminerals.cl/imgdyn/rest/services/CL_MLP_PAO/CL_MLP_PAO_IF_Ortho_ALL/ImageServer/file?id=.\Chacay_El_Mauro_Drone\25_02_26\CL_MLP_PAO_IF_Ortho_25_02_26_RutaD835.tiff&rasterId= | L5: CL | M5: MLP | N5: IF | O5: Ortho | P5: =TEXT(H5,"dd") -> 26 | Q5: =TEXT(H5,"MM") -> 02 | R5: =TEXT(H5,"YY") -> 25 | S5: Chacay_El_Mauro_Drone | T5: 1 | U5: CL_MLP_PAO_IF_Ortho_ALL | V5: =RIGHT(D5,LEN(D5)-29) -> RutaD835 | W5: =E5 -> RutaD835 | X5: =V5=W5 -> TRUE | Y5: =VLOOKUP(D5,'Orden de Imagen'!$A$1:D145,4,FALSE()) -> 002 | Z5: =CONCATENATE(Y5,"_",R5,"_",Q5,"_",P5,"_",E5) -> 002_25_02_26_RutaD835
A6: 5 | B6: 20250310_NSTC_116a118.tif | C6: CL_MLP_PAO_IF_Ortho_25_03_10_NSTC_116a118.tiff | D6: =CONCATENATE(L6,"_",M6,"_",G6,"_",N6,"_",O6,"_",R6,"_",Q6,"_",P6,"_",E6) -> CL_MLP_PAO_IF_Ortho_25_03_10_NSTC_116a118 | E6: NSTC_116a118 | F6: DJI MATRICE 350 RTK | G6: PAO | H6: 45726.167 | I6: 45870 | J6: Activo | K6: =CONCATENATE("https://sig.aminerals.cl/imgdyn/rest/services/CL_MLP_PAO/",U6,"/","ImageServer/file?id=.\",S6,"\",R6,"_",Q6,"_",P6,"\",C6,"&rasterId=") -> https://sig.aminerals.cl/imgdyn/rest/services/CL_MLP_PAO/CL_MLP_PAO_IF_Ortho_ALL/ImageServer/file?id=.\El_Mauro_Puerto_Punta_Chungo_Drone\25_03_10\CL_MLP_PAO_IF_Ortho_25_03_10_NSTC_116a118.tiff&rasterId= | L6: CL | M6: MLP | N6: IF | O6: Ortho | P6: =TEXT(H6,"dd") -> 10 | Q6: =TEXT(H6,"MM") -> 03 | R6: =TEXT(H6,"YY") -> 25 | S6: El_Mauro_Puerto_Punta_Chungo_Drone | T6: 1 | U6: CL_MLP_PAO_IF_Ortho_ALL | V6: =RIGHT(D6,LEN(D6)-29) -> NSTC_116a118 | W6: =E6 -> NSTC_116a118 | X6: =V6=W6 -> TRUE | Y6: =VLOOKUP(D6,'Orden de Imagen'!$A$1:D146,4,FALSE()) -> 003 | Z6: =CONCATENATE(Y6,"_",R6,"_",Q6,"_",P6,"_",E6) -> 003_25_03_10_NSTC_116a118
A7: 6 | B7: 20250310_NSTC_118a120.tif | C7: CL_MLP_PAO_IF_Ortho_25_03_10_NSTC_118a120.tiff | D7: =CONCATENATE(L7,"_",M7,"_",G7,"_",N7,"_",O7,"_",R7,"_",Q7,"_",P7,"_",E7) -> CL_MLP_PAO_IF_Ortho_25_03_10_NSTC_118a120 | E7: NSTC_118a120 | F7: DJI MATRICE 350 RTK | G7: PAO | H7: 45726.167 | I7: 45870 | J7: Activo | K7: =CONCATENATE("https://sig.aminerals.cl/imgdyn/rest/services/CL_MLP_PAO/",U7,"/","ImageServer/file?id=.\",S7,"\",R7,"_",Q7,"_",P7,"\",C7,"&rasterId=") -> https://sig.aminerals.cl/imgdyn/rest/services/CL_MLP_PAO/CL_MLP_PAO_IF_Ortho_ALL/ImageServer/file?id=.\El_Mauro_Puerto_Punta_Chungo_Drone\25_03_10\CL_MLP_PAO_IF_Ortho_25_03_10_NSTC_118a120.tiff&rasterId= | L7: CL | M7: MLP | N7: IF | O7: Ortho | P7: =TEXT(H7,"dd") -> 10 | Q7: =TEXT(H7,"MM") -> 03 | R7: =TEXT(H7,"YY") -> 25 | S7: El_Mauro_Puerto_Punta_Chungo_Drone | T7: 1 | U7: CL_MLP_PAO_IF_Ortho_ALL | V7: =RIGHT(D7,LEN(D7)-29) -> NSTC_118a120 | W7: =E7 -> NSTC_118a120 | X7: =V7=W7 -> TRUE | Y7: =VLOOKUP(D7,'Orden de Imagen'!$A$1:D147,4,FALSE()) -> 004 | Z7: =CONCATENATE(Y7,"_",R7,"_",Q7,"_",P7,"_",E7) -> 004_25_03_10_NSTC_118a120
A8: 7 | B8: 20250312_SRA2.tif | C8: =CONCATENATE(L8,"_",M8,"_",G8,"_",N8,"_",O8,"_",R8,"_",Q8,"_",P8,"_",E8,".tif") -> CL_MLP_PAO_IF_Ortho_25_03_12_SRA2.tif | D8: =CONCATENATE(L8,"_",M8,"_",G8,"_",N8,"_",O8,"_",R8,"_",Q8,"_",P8,"_",E8) -> CL_MLP_PAO_IF_Ortho_25_03_12_SRA2 | E8: SRA2 | F8: DJI MATRICE 350 RTK | G8: PAO | H8: 45728.167 | I8: 45797 | J8: Activo | K8: =CONCATENATE("https://sig.aminerals.cl/imgdyn/rest/services/CL_MLP_PAO/",U8,"/","ImageServer/file?id=.\",S8,"\",R8,"_",Q8,"_",P8,"\",C8,"&rasterId=") -> https://sig.aminerals.cl/imgdyn/rest/services/CL_MLP_PAO/CL_MLP_PAO_IF_Ortho_ALL/ImageServer/file?id=.\Chacay_Drone\25_03_12\CL_MLP_PAO_IF_Ortho_25_03_12_SRA2.tif&rasterId= | L8: CL | M8: MLP | N8: IF | O8: Ortho | P8: =TEXT(H8,"dd") -> 12 | Q8: =TEXT(H8,"MM") -> 03 | R8: =TEXT(H8,"YY") -> 25 | S8: Chacay_Drone | T8: 1 | U8: CL_MLP_PAO_IF_Ortho_ALL | V8: =RIGHT(D8,LEN(D8)-29) -> SRA2 | W8: =E8 -> SRA2 | X8: =V8=W8 -> TRUE | Y8: =VLOOKUP(D8,'Orden de Imagen'!$A$1:D148,4,FALSE()) -> 005 | Z8: =CONCATENATE(Y8,"_",R8,"_",Q8,"_",P8,"_",E8) -> 005_25_03_12_SRA2
A9: 8 | B9: 20250317_NSTC_120a121.tif | C9: CL_MLP_PAO_IF_Ortho_25_03_17_NSTC_Km_120_a_121.tif | D9: =CONCATENATE(L9,"_",M9,"_",G9,"_",N9,"_",O9,"_",R9,"_",Q9,"_",P9,"_",E9) -> CL_MLP_PAO_IF_Ortho_25_03_17_NSTC_Km_120_a_121 | E9: NSTC_Km_120_a_121 | F9: DJI MATRICE 350 RTK | G9: PAO | H9: 45733.167 | I9: 45870 | J9: Activo | K9: =CONCATENATE("https://sig.aminerals.cl/imgdyn/rest/services/CL_MLP_PAO/",U9,"/","ImageServer/file?id=.\",S9,"\",R9,"_",Q9,"_",P9,"\",C9,"&rasterId=") -> https://sig.aminerals.cl/imgdyn/rest/services/CL_MLP_PAO/CL_MLP_PAO_IF_Ortho_ALL/ImageServer/file?id=.\El_Mauro_Puerto_Punta_Chungo_Drone\25_03_17\CL_MLP_PAO_IF_Ortho_25_03_17_NSTC_Km_120_a_121.tif&rasterId= | L9: CL | M9: MLP | N9: IF | O9: Ortho | P9: =TEXT(H9,"dd") -> 17 | Q9: =TEXT(H9,"MM") -> 03 | R9: =TEXT(H9,"YY") -> 25 | S9: El_Mauro_Puerto_Punta_Chungo_Drone | T9: 1 | U9: CL_MLP_PAO_IF_Ortho_ALL | V9: =RIGHT(D9,LEN(D9)-29) -> NSTC_Km_120_a_121 | W9: =E9 -> NSTC_Km_120_a_121 | X9: =V9=W9 -> TRUE | Y9: =VLOOKUP(D9,'Orden de Imagen'!$A$1:D149,4,FALSE()) -> 006 | Z9: =CONCATENATE(Y9,"_",R9,"_",Q9,"_",P9,"_",E9) -> 006_25_03_17_NSTC_Km_120_a_121
A10: 9 | B10: 20250319_Orejas16_Ruta-D-865.tif | C10: CL_MLP_PAO_IF_Ortho_25_03_19_Orejas16_Ruta-D-865.tiff | D10: =CONCATENATE(L10,"_",M10,"_",G10,"_",N10,"_",O10,"_",R10,"_",Q10,"_",P10,"_",E10) -> CL_MLP_PAO_IF_Ortho_25_03_19_Orejas16_Ruta-D-865 | E10: Orejas16_Ruta-D-865 | F10: DJI MATRICE 350 RTK | G10: PAO | H10: 45735.167 | I10: 45888 | J10: Activo | K10: =CONCATENATE("https://sig.aminerals.cl/imgdyn/rest/services/CL_MLP_PAO/",U10,"/","ImageServer/file?id=.\",S10,"\",R10,"_",Q10,"_",P10,"\",C10,"&rasterId=") -> https://sig.aminerals.cl/imgdyn/rest/services/CL_MLP_PAO/CL_MLP_PAO_IF_Ortho_ALL/ImageServer/file?id=.\El_Mauro_Puerto_Punta_Chungo_Drone\25_03_19\CL_MLP_PAO_IF_Ortho_25_03_19_Orejas16_Ruta-D-865.tiff&rasterId= | L10: CL | M10: MLP | N10: IF | O10: Ortho | P10: =TEXT(H10,"dd") -> 19 | Q10: =TEXT(H10,"MM") -> 03 | R10: =TEXT(H10,"YY") -> 25 | S10: El_Mauro_Puerto_Punta_Chungo_Drone | T10: 1 | U10: CL_MLP_PAO_IF_Ortho_ALL | V10: =RIGHT(D10,LEN(D10)-29) -> Orejas16_Ruta-D-865 | W10: =E10 -> Orejas16_Ruta-D-865 | X10: =V10=W10 -> TRUE | Y10: =VLOOKUP(D10,'Orden de Imagen'!$A$1:D150,4,FALSE()) -> 007 | Z10: =CONCATENATE(Y10,"_",R10,"_",Q10,"_",P10,"_",E10) -> 007_25_03_19_Orejas16_Ruta-D-865
A11: 10 | B11: 20250319_Orejas17_Ruta-D-865.tif | C11: CL_MLP_PAO_IF_Ortho_25_03_19_Orejas17_Ruta-D-865.tiff | D11: =CONCATENATE(L11,"_",M11,"_",G11,"_",N11,"_",O11,"_",R11,"_",Q11,"_",P11,"_",E11) -> CL_MLP_PAO_IF_Ortho_25_03_19_Orejas17_Ruta-D-865 | E11: Orejas17_Ruta-D-865 | F11: DJI MATRICE 350 RTK | G11: PAO | H11: 45735.167 | I11: 45888 | J11: Activo | K11: =CONCATENATE("https://sig.aminerals.cl/imgdyn/rest/services/CL_MLP_PAO/",U11,"/","ImageServer/file?id=.\",S11,"\",R11,"_",Q11,"_",P11,"\",C11,"&rasterId=") -> https://sig.aminerals.cl/imgdyn/rest/services/CL_MLP_PAO/CL_MLP_PAO_IF_Ortho_ALL/ImageServer/file?id=.\El_Mauro_Puerto_Punta_Chungo_Drone\25_03_19\CL_MLP_PAO_IF_Ortho_25_03_19_Orejas17_Ruta-D-865.tiff&rasterId= | L11: CL | M11: MLP | N11: IF | O11: Ortho | P11: =TEXT(H11,"dd") -> 19 | Q11: =TEXT(H11,"MM") -> 03 | R11: =TEXT(H11,"YY") -> 25 | S11: El_Mauro_Puerto_Punta_Chungo_Drone | T11: 1 | U11: CL_MLP_PAO_IF_Ortho_ALL | V11: =RIGHT(D11,LEN(D11)-29) -> Orejas17_Ruta-D-865 | W11: =E11 -> Orejas17_Ruta-D-865 | X11: =V11=W11 -> TRUE | Y11: =VLOOKUP(D11,'Orden de Imagen'!$A$1:D151,4,FALSE()) -> 008 | Z11: =CONCATENATE(Y11,"_",R11,"_",Q11,"_",P11,"_",E11) -> 008_25_03_19_Orejas17_Ruta-D-865
A12: 11 | B12: 20250319_Orejas18.tif | C12: CL_MLP_PAO_IF_Ortho_25_03_19_Orejas18.tiff | D12: =CONCATENATE(L12,"_",M12,"_",G12,"_",N12,"_",O12,"_",R12,"_",Q12,"_",P12,"_",E12) -> CL_MLP_PAO_IF_Ortho_25_03_19_Orejas18 | E12: Orejas18 | F12: DJI MATRICE 350 RTK | G12: PAO | H12: 45735.167 | I12: 45870 | J12: Activo | K12: =CONCATENATE("https://sig.aminerals.cl/imgdyn/rest/services/CL_MLP_PAO/",U12,"/","ImageServer/file?id=.\",S12,"\",R12,"_",Q12,"_",P12,"\",C12,"&rasterId=") -> https://sig.aminerals.cl/imgdyn/rest/services/CL_MLP_PAO/CL_MLP_PAO_IF_Ortho_ALL/ImageServer/file?id=.\El_Mauro_Puerto_Punta_Chungo_Drone\25_03_19\CL_MLP_PAO_IF_Ortho_25_03_19_Orejas18.tiff&rasterId= | L12: CL | M12: MLP | N12: IF | O12: Ortho | P12: =TEXT(H12,"dd") -> 19 | Q12: =TEXT(H12,"MM") -> 03 | R12: =TEXT(H12,"YY") -> 25 | S12: El_Mauro_Puerto_Punta_Chungo_Drone | T12: 1 | U12: CL_MLP_PAO_IF_Ortho_ALL | V12: =RIGHT(D12,LEN(D12)-29) -> Orejas18 | W12: =E12 -> Orejas18 | X12: =V12=W12 -> TRUE | Y12: =VLOOKUP(D12,'Orden de Imagen'!$A$1:D152,4,FALSE()) -> 009 | Z12: =CONCATENATE(Y12,"_",R12,"_",Q12,"_",P12,"_",E12) -> 009_25_03_19_Orejas18
A13: 12 | B13: 20250331_EB2.tif | C13: CL_MLP_PAO_IF_Ortho_25_03_31_EB2.tiff | D13: =CONCATENATE(L13,"_",M13,"_",G13,"_",N13,"_",O13,"_",R13,"_",Q13,"_",P13,"_",E13) -> CL_MLP_PAO_IF_Ortho_25_03_31_EB2 | E13: EB2 | F13: DJI MATRICE 350 RTK | G13: PAO | H13: 45747.167 | I13: 45870 | J13: Activo | K13: =CONCATENATE("https://sig.aminerals.cl/imgdyn/rest/services/CL_MLP_PAO/",U13,"/","ImageServer/file?id=.\",S13,"\",R13,"_",Q13,"_",P13,"\",C13,"&rasterId=") -> https://sig.aminerals.cl/imgdyn/rest/services/CL_MLP_PAO/CL_MLP_PAO_IF_Ortho_ALL/ImageServer/file?id=.\El_Mauro_Puerto_Punta_Chungo_Drone\25_03_31\CL_MLP_PAO_IF_Ortho_25_03_31_EB2.tiff&rasterId= | L13: CL | M13: MLP | N13: IF | O13: Ortho | P13: =TEXT(H13,"dd") -> 31 | Q13: =TEXT(H13,"MM") -> 03 | R13: =TEXT(H13,"YY") -> 25 | S13: El_Mauro_Puerto_Punta_Chungo_Drone | T13: 1 | U13: CL_MLP_PAO_IF_Ortho_ALL | V13: =RIGHT(D13,LEN(D13)-29) -> EB2 | W13: =E13 -> EB2 | X13: =V13=W13 -> TRUE | Y13: =VLOOKUP(D13,'Orden de Imagen'!$A$1:D153,4,FALSE()) -> 010 | Z13: =CONCATENATE(Y13,"_",R13,"_",Q13,"_",P13,"_",E13) -> 010_25_03_31_EB2
A14: 13 | B14: 20250331_EV2.tif | C14: CL_MLP_PAO_IF_Ortho_25_03_31_EV2.tiff | D14: =CONCATENATE(L14,"_",M14,"_",G14,"_",N14,"_",O14,"_",R14,"_",Q14,"_",P14,"_",E14) -> CL_MLP_PAO_IF_Ortho_25_03_31_EV2 | E14: EV2 | F14: DJI MATRICE 350 RTK | G14: PAO | H14: 45747.167 | I14: 45870 | J14: Activo | K14: =CONCATENATE("https://sig.aminerals.cl/imgdyn/rest/services/CL_MLP_PAO/",U14,"/","ImageServer/file?id=.\",S14,"\",R14,"_",Q14,"_",P14,"\",C14,"&rasterId=") -> https://sig.aminerals.cl/imgdyn/rest/services/CL_MLP_PAO/CL_MLP_PAO_IF_Ortho_ALL/ImageServer/file?id=.\El_Mauro_Puerto_Punta_Chungo_Drone\25_03_31\CL_MLP_PAO_IF_Ortho_25_03_31_EV2.tiff&rasterId= | L14: CL | M14: MLP | N14: IF | O14: Ortho | P14: =TEXT(H14,"dd") -> 31 | Q14: =TEXT(H14,"MM") -> 03 | R14: =TEXT(H14,"YY") -> 25 | S14: El_Mauro_Puerto_Punta_Chungo_Drone | T14: 1 | U14: CL_MLP_PAO_IF_Ortho_ALL | V14: =RIGHT(D14,LEN(D14)-29) -> EV2 | W14: =E14 -> EV2 | X14: =V14=W14 -> TRUE | Y14: =VLOOKUP(D14,'Orden de Imagen'!$A$1:D154,4,FALSE()) -> 011 | Z14: =CONCATENATE(Y14,"_",R14,"_",Q14,"_",P14,"_",E14) -> 011_25_03_31_EV2
A15: 14 | B15: 20250402_DME-13.tiff | C15: CL_MLP_PAO_IF_Ortho_25_04_02_DME-13.tiff | D15: =CONCATENATE(L15,"_",M15,"_",G15,"_",N15,"_",O15,"_",R15,"_",Q15,"_",P15,"_",E15) -> CL_MLP_PAO_IF_Ortho_25_04_02_DME-13 | E15: DME-13 | F15: DJI MATRICE 350 RTK | G15: PAO | H15: 45749.167 | I15: 45870 | J15: Activo | K15: =CONCATENATE("https://sig.aminerals.cl/imgdyn/rest/services/CL_MLP_PAO/",U15,"/","ImageServer/file?id=.\",S15,"\",R15,"_",Q15,"_",P15,"\",C15,"&rasterId=") -> https://sig.aminerals.cl/imgdyn/rest/services/CL_MLP_PAO/CL_MLP_PAO_IF_Ortho_ALL/ImageServer/file?id=.\Chacay_El_Mauro_Drone\25_04_02\CL_MLP_PAO_IF_Ortho_25_04_02_DME-13.tiff&rasterId= | L15: CL | M15: MLP | N15: IF | O15: Ortho | P15: =TEXT(H15,"dd") -> 02 | Q15: =TEXT(H15,"MM") -> 04 | R15: =TEXT(H15,"YY") -> 25 | S15: Chacay_El_Mauro_Drone | T15: 1 | U15: CL_MLP_PAO_IF_Ortho_ALL | V15: =RIGHT(D15,LEN(D15)-29) -> DME-13 | W15: =E15 -> DME-13 | X15: =V15=W15 -> TRUE | Y15: =VLOOKUP(D15,'Orden de Imagen'!$A$1:D155,4,FALSE()) -> 012 | Z15: =CONCATENATE(Y15,"_",R15,"_",Q15,"_",P15,"_",E15) -> 012_25_04_02_DME-13
A16: 15 | B16: 20250402_Patio-Acopio-17_reprocesado-Orthomosaic.tiff | C16: CL_MLP_PAO_IF_Ortho_25_04_02_Patio-Acopio-17.tiff | D16: =CONCATENATE(L16,"_",M16,"_",G16,"_",N16,"_",O16,"_",R16,"_",Q16,"_",P16,"_",E16) -> CL_MLP_PAO_IF_Ortho_25_04_02_Patio-Acopio-17 | E16: Patio-Acopio-17 | F16: DJI MATRICE 350 RTK | G16: PAO | H16: 45749.167 | I16: 45872 | J16: Activo | K16: =CONCATENATE("https://sig.aminerals.cl/imgdyn/rest/services/CL_MLP_PAO/",U16,"/","ImageServer/file?id=.\",S16,"\",R16,"_",Q16,"_",P16,"\",C16,"&rasterId=") -> https://sig.aminerals.cl/imgdyn/rest/services/CL_MLP_PAO/CL_MLP_PAO_IF_Ortho_ALL/ImageServer/file?id=.\Chacay_El_Mauro_Drone\25_04_02\CL_MLP_PAO_IF_Ortho_25_04_02_Patio-Acopio-17.tiff&rasterId= | L16: CL | M16: MLP | N16: IF | O16: Ortho | P16: =TEXT(H16,"dd") -> 02 | Q16: =TEXT(H16,"MM") -> 04 | R16: =TEXT(H16,"YY") -> 25 | S16: Chacay_El_Mauro_Drone | T16: 1 | U16: CL_MLP_PAO_IF_Ortho_ALL | V16: =RIGHT(D16,LEN(D16)-29) -> Patio-Acopio-17 | W16: =E16 -> Patio-Acopio-17 | X16: =V16=W16 -> TRUE | Y16: =VLOOKUP(D16,'Orden de Imagen'!$A$1:D156,4,FALSE()) -> 013 | Z16: =CONCATENATE(Y16,"_",R16,"_",Q16,"_",P16,"_",E16) -> 013_25_04_02_Patio-Acopio-17
A17: 16 | B17: 20250402_Ruta-SE-a-DME-13-Orthomosaic.tiff | C17: CL_MLP_PAO_IF_Ortho_25_04_02_Ruta-SE-a-DME-13.tiff | D17: =CONCATENATE(L17,"_",M17,"_",G17,"_",N17,"_",O17,"_",R17,"_",Q17,"_",P17,"_",E17) -> CL_MLP_PAO_IF_Ortho_25_04_02_Ruta-SE-a-DME-13 | E17: Ruta-SE-a-DME-13 | F17: DJI MATRICE 350 RTK | G17: PAO | H17: 45749.167 | I17: 45873 | J17: Activo | K17: =CONCATENATE("https://sig.aminerals.cl/imgdyn/rest/services/CL_MLP_PAO/",U17,"/","ImageServer/file?id=.\",S17,"\",R17,"_",Q17,"_",P17,"\",C17,"&rasterId=") -> https://sig.aminerals.cl/imgdyn/rest/services/CL_MLP_PAO/CL_MLP_PAO_IF_Ortho_ALL/ImageServer/file?id=.\Chacay_El_Mauro_Drone\25_04_02\CL_MLP_PAO_IF_Ortho_25_04_02_Ruta-SE-a-DME-13.tiff&rasterId= | L17: CL | M17: MLP | N17: IF | O17: Ortho | P17: =TEXT(H17,"dd") -> 02 | Q17: =TEXT(H17,"MM") -> 04 | R17: =TEXT(H17,"YY") -> 25 | S17: Chacay_El_Mauro_Drone | T17: 1 | U17: CL_MLP_PAO_IF_Ortho_ALL | V17: =RIGHT(D17,LEN(D17)-29) -> Ruta-SE-a-DME-13 | W17: =E17 -> Ruta-SE-a-DME-13 | X17: =V17=W17 -> TRUE | Y17: =VLOOKUP(D17,'Orden de Imagen'!$A$1:D157,4,FALSE()) -> 014 | Z17: =CONCATENATE(Y17,"_",R17,"_",Q17,"_",P17,"_",E17) -> 014_25_04_02_Ruta-SE-a-DME-13
A18: 17 | B18: 20250403_Area-patio-19b-y-armado-Orthomosaic.tiff | C18: CL_MLP_PAO_IF_Ortho_25_04_03_Area-patio-19b-y-armado.tiff | D18: =CONCATENATE(L18,"_",M18,"_",G18,"_",N18,"_",O18,"_",R18,"_",Q18,"_",P18,"_",E18) -> CL_MLP_PAO_IF_Ortho_25_04_03_Area-patio-19b-y-armado | E18: Area-patio-19b-y-armado | F18: DJI MATRICE 350 RTK | G18: PAO | H18: 45750.167 | I18: 45868 | J18: Activo | K18: =CONCATENATE("https://sig.aminerals.cl/imgdyn/rest/services/CL_MLP_PAO/",U18,"/","ImageServer/file?id=.\",S18,"\",R18,"_",Q18,"_",P18,"\",C18,"&rasterId=") -> https://sig.aminerals.cl/imgdyn/rest/services/CL_MLP_PAO/CL_MLP_PAO_IF_Ortho_ALL/ImageServer/file?id=.\El_Mauro_Drone\25_04_03\CL_MLP_PAO_IF_Ortho_25_04_03_Area-patio-19b-y-armado.tiff&rasterId= | L18: CL | M18: MLP | N18: IF | O18: Ortho | P18: =TEXT(H18,"dd") -> 03 | Q18: =TEXT(H18,"MM") -> 04 | R18: =TEXT(H18,"YY") -> 25 | S18: El_Mauro_Drone | T18: 1 | U18: CL_MLP_PAO_IF_Ortho_ALL | V18: =RIGHT(D18,LEN(D18)-29) -> Area-patio-19b-y-armado | W18: =E18 -> Area-patio-19b-y-armado | X18: =V18=W18 -> TRUE | Y18: =VLOOKUP(D18,'Orden de Imagen'!$A$1:D158,4,FALSE()) -> 015 | Z18: =CONCATENATE(Y18,"_",R18,"_",Q18,"_",P18,"_",E18) -> 015_25_04_03_Area-patio-19b-y-armado
A19: 18 | B19: 20250403_Subestación-El-Mauro-Orthomosaic.tiff | C19: CL_MLP_PAO_IF_Ortho_25_04_03_Subestacion-El-Mauro.tiff | D19: =CONCATENATE(L19,"_",M19,"_",G19,"_",N19,"_",O19,"_",R19,"_",Q19,"_",P19,"_",E19) -> CL_MLP_PAO_IF_Ortho_25_04_03_Subestacion-El-Mauro | E19: Subestacion-El-Mauro | F19: DJI MATRICE 350 RTK | G19: PAO | H19: 45750.167 | I19: 45869 | J19: Activo | K19: =CONCATENATE("https://sig.aminerals.cl/imgdyn/rest/services/CL_MLP_PAO/",U19,"/","ImageServer/file?id=.\",S19,"\",R19,"_",Q19,"_",P19,"\",C19,"&rasterId=") -> https://sig.aminerals.cl/imgdyn/rest/services/CL_MLP_PAO/CL_MLP_PAO_IF_Ortho_ALL/ImageServer/file?id=.\El_Mauro_Drone\25_04_03\CL_MLP_PAO_IF_Ortho_25_04_03_Subestacion-El-Mauro.tiff&rasterId= | L19: CL | M19: MLP | N19: IF | O19: Ortho | P19: =TEXT(H19,"dd") -> 03 | Q19: =TEXT(H19,"MM") -> 04 | R19: =TEXT(H19,"YY") -> 25 | S19: El_Mauro_Drone | T19: 1 | U19: CL_MLP_PAO_IF_Ortho_ALL | V19: =RIGHT(D19,LEN(D19)-29) -> Subestacion-El-Mauro | W19: =E19 -> Subestacion-El-Mauro | X19: =V19=W19 -> TRUE | Y19: =VLOOKUP(D19,'Orden de Imagen'!$A$1:D159,4,FALSE()) -> 016 | Z19: =CONCATENATE(Y19,"_",R19,"_",Q19,"_",P19,"_",E19) -> 016_25_04_03_Subestacion-El-Mauro
A20: 19 | C20: =CONCATENATE(L20,"_",M20,"_",G20,"_",N20,"_",O20,"_",R20,"_",Q20,"_",P20,"_",E20,".tif") -> CL_MLP_PAO_IF_Ortho_25_04_09_Cachimba_de_Bajo_Camisas_ED2.tif | D20: =CONCATENATE(L20,"_",M20,"_",G20,"_",N20,"_",O20,"_",R20,"_",Q20,"_",P20,"_",E20) -> CL_MLP_PAO_IF_Ortho_25_04_09_Cachimba_de_Bajo_Camisas_ED2 | E20: Cachimba_de_Bajo_Camisas_ED2 | F20: DJI MATRICE 350 RTK | G20: PAO | H20: 45756.167 | I20: 45933 | J20: Activo | K20: =CONCATENATE("https://sig.aminerals.cl/imgdyn/rest/services/CL_MLP_PAO/",U20,"/","ImageServer/file?id=.\",S20,"\",R20,"_",Q20,"_",P20,"\",C20,"&rasterId=") -> https://sig.aminerals.cl/imgdyn/rest/services/CL_MLP_PAO/CL_MLP_PAO_IF_Ortho_ALL/ImageServer/file?id=.\Chacay_El_Mauro_Drone\25_04_09\CL_MLP_PAO_IF_Ortho_25_04_09_Cachimba_de_Bajo_Camisas_ED2.tif&rasterId= | L20: CL | M20: MLP | N20: IF | O20: Ortho | P20: =TEXT(H20,"dd") -> 09 | Q20: =TEXT(H20,"MM") -> 04 | R20: =TEXT(H20,"YY") -> 25 | S20: Chacay_El_Mauro_Drone | T20: 1 | U20: CL_MLP_PAO_IF_Ortho_ALL | V20: =RIGHT(D20,LEN(D20)-29) -> Cachimba_de_Bajo_Camisas_ED2 | W20: =E20 -> Cachimba_de_Bajo_Camisas_ED2 | X20: =V20=W20 -> TRUE | Y20: =VLOOKUP(D20,'Orden de Imagen'!$A$1:D160,4,FALSE()) -> 017 | Z20: =CONCATENATE(Y20,"_",R20,"_",Q20,"_",P20,"_",E20) -> 017_25_04_09_Cachimba_de_Bajo_Camisas_ED2
A21: 20 | B21: 20250409_Ruta-D-847_01.tif | C21: CL_MLP_PAO_IF_Ortho_25_04_09_Ruta-D-847_01.tiff | D21: =CONCATENATE(L21,"_",M21,"_",G21,"_",N21,"_",O21,"_",R21,"_",Q21,"_",P21,"_",E21) -> CL_MLP_PAO_IF_Ortho_25_04_09_Ruta-D-847_01 | E21: Ruta-D-847_01 | F21: DJI MATRICE 350 RTK | G21: PAO | H21: 45756.167 | I21: 45874 | J21: Activo | K21: =CONCATENATE("https://sig.aminerals.cl/imgdyn/rest/services/CL_MLP_PAO/",U21,"/","ImageServer/file?id=.\",S21,"\",R21,"_",Q21,"_",P21,"\",C21,"&rasterId=") -> https://sig.aminerals.cl/imgdyn/rest/services/CL_MLP_PAO/CL_MLP_PAO_IF_Ortho_ALL/ImageServer/file?id=.\Chacay_El_Mauro_Drone\25_04_09\CL_MLP_PAO_IF_Ortho_25_04_09_Ruta-D-847_01.tiff&rasterId= | L21: CL | M21: MLP | N21: IF | O21: Ortho | P21: =TEXT(H21,"dd") -> 09 | Q21: =TEXT(H21,"MM") -> 04 | R21: =TEXT(H21,"YY") -> 25 | S21: Chacay_El_Mauro_Drone | T21: 1 | U21: CL_MLP_PAO_IF_Ortho_ALL | V21: =RIGHT(D21,LEN(D21)-29) -> Ruta-D-847_01 | W21: =E21 -> Ruta-D-847_01 | X21: =V21=W21 -> TRUE | Y21: =VLOOKUP(D21,'Orden de Imagen'!$A$1:D161,4,FALSE()) -> #N/A | Z21: =CONCATENATE(Y21,"_",R21,"_",Q21,"_",P21,"_",E21) -> #N/A
A22: 21 | B22: 20250409_Ruta-D-847_02.tif | C22: CL_MLP_PAO_IF_Ortho_25_04_09_Ruta-D-847_02.tiff | D22: =CONCATENATE(L22,"_",M22,"_",G22,"_",N22,"_",O22,"_",R22,"_",Q22,"_",P22,"_",E22) -> CL_MLP_PAO_IF_Ortho_25_04_09_Ruta-D-847_02 | E22: Ruta-D-847_02 | F22: DJI MATRICE 350 RTK | G22: PAO | H22: 45756.167 | I22: 45875 | J22: Activo | K22: =CONCATENATE("https://sig.aminerals.cl/imgdyn/rest/services/CL_MLP_PAO/",U22,"/","ImageServer/file?id=.\",S22,"\",R22,"_",Q22,"_",P22,"\",C22,"&rasterId=") -> https://sig.aminerals.cl/imgdyn/rest/services/CL_MLP_PAO/CL_MLP_PAO_IF_Ortho_ALL/ImageServer/file?id=.\Chacay_El_Mauro_Drone\25_04_09\CL_MLP_PAO_IF_Ortho_25_04_09_Ruta-D-847_02.tiff&rasterId= | L22: CL | M22: MLP | N22: IF | O22: Ortho | P22: =TEXT(H22,"dd") -> 09 | Q22: =TEXT(H22,"MM") -> 04 | R22: =TEXT(H22,"YY") -> 25 | S22: Chacay_El_Mauro_Drone | T22: 1 | U22: CL_MLP_PAO_IF_Ortho_ALL | V22: =RIGHT(D22,LEN(D22)-29) -> Ruta-D-847_02 | W22: =E22 -> Ruta-D-847_02 | X22: =V22=W22 -> TRUE | Y22: =VLOOKUP(D22,'Orden de Imagen'!$A$1:D162,4,FALSE()) -> #N/A | Z22: =CONCATENATE(Y22,"_",R22,"_",Q22,"_",P22,"_",E22) -> #N/A
A23: 22 | B23: 20250409_Ruta-D-847_03.tif | C23: CL_MLP_PAO_IF_Ortho_25_04_09_Ruta-D-847_03.tiff | D23: =CONCATENATE(L23,"_",M23,"_",G23,"_",N23,"_",O23,"_",R23,"_",Q23,"_",P23,"_",E23) -> CL_MLP_PAO_IF_Ortho_25_04_09_Ruta-D-847_03 | E23: Ruta-D-847_03 | F23: DJI MATRICE 350 RTK | G23: PAO | H23: 45756.167 | I23: 45876 | J23: Activo | K23: =CONCATENATE("https://sig.aminerals.cl/imgdyn/rest/services/CL_MLP_PAO/",U23,"/","ImageServer/file?id=.\",S23,"\",R23,"_",Q23,"_",P23,"\",C23,"&rasterId=") -> https://sig.aminerals.cl/imgdyn/rest/services/CL_MLP_PAO/CL_MLP_PAO_IF_Ortho_ALL/ImageServer/file?id=.\Chacay_El_Mauro_Drone\25_04_09\CL_MLP_PAO_IF_Ortho_25_04_09_Ruta-D-847_03.tiff&rasterId= | L23: CL | M23: MLP | N23: IF | O23: Ortho | P23: =TEXT(H23,"dd") -> 09 | Q23: =TEXT(H23,"MM") -> 04 | R23: =TEXT(H23,"YY") -> 25 | S23: Chacay_El_Mauro_Drone | T23: 1 | U23: CL_MLP_PAO_IF_Ortho_ALL | V23: =RIGHT(D23,LEN(D23)-29) -> Ruta-D-847_03 | W23: =E23 -> Ruta-D-847_03 | X23: =V23=W23 -> TRUE | Y23: =VLOOKUP(D23,'Orden de Imagen'!$A$1:D163,4,FALSE()) -> #N/A | Z23: =CONCATENATE(Y23,"_",R23,"_",Q23,"_",P23,"_",E23) -> #N/A
A24: 23 | B24: 20250410_Ruta-D-865_01.tif | C24: CL_MLP_PAO_IF_Ortho_25_04_10_Ruta-D-865_01.tiff | D24: =CONCATENATE(L24,"_",M24,"_",G24,"_",N24,"_",O24,"_",R24,"_",Q24,"_",P24,"_",E24) -> CL_MLP_PAO_IF_Ortho_25_04_10_Ruta-D-865_01 | E24: Ruta-D-865_01 | F24: DJI MATRICE 350 RTK | G24: PAO | H24: 45757.167 | I24: 45870 | J24: Activo | K24: =CONCATENATE("https://sig.aminerals.cl/imgdyn/rest/services/CL_MLP_PAO/",U24,"/","ImageServer/file?id=.\",S24,"\",R24,"_",Q24,"_",P24,"\",C24,"&rasterId=") -> https://sig.aminerals.cl/imgdyn/rest/services/CL_MLP_PAO/CL_MLP_PAO_IF_Ortho_ALL/ImageServer/file?id=.\El_Mauro_Puerto_Punta_Chungo_Drone\25_04_10\CL_MLP_PAO_IF_Ortho_25_04_10_Ruta-D-865_01.tiff&rasterId= | L24: CL | M24: MLP | N24: IF | O24: Ortho | P24: =TEXT(H24,"dd") -> 10 | Q24: =TEXT(H24,"MM") -> 04 | R24: =TEXT(H24,"YY") -> 25 | S24: El_Mauro_Puerto_Punta_Chungo_Drone | T24: 1 | U24: CL_MLP_PAO_IF_Ortho_ALL | V24: =RIGHT(D24,LEN(D24)-29) -> Ruta-D-865_01 | W24: =E24 -> Ruta-D-865_01 | X24: =V24=W24 -> TRUE | Y24: =VLOOKUP(D24,'Orden de Imagen'!$A$1:D164,4,FALSE()) -> #N/A | Z24: =CONCATENATE(Y24,"_",R24,"_",Q24,"_",P24,"_",E24) -> #N/A
A25: 24 | B25: 20250410_Ruta-D-865_02.tif | C25: CL_MLP_PAO_IF_Ortho_25_04_10_Ruta-D-865_02.tiff | D25: =CONCATENATE(L25,"_",M25,"_",G25,"_",N25,"_",O25,"_",R25,"_",Q25,"_",P25,"_",E25) -> CL_MLP_PAO_IF_Ortho_25_04_10_Ruta-D-865_02 | E25: Ruta-D-865_02 | F25: DJI MATRICE 350 RTK | G25: PAO | H25: 45757.167 | I25: 45870 | J25: Activo | K25: =CONCATENATE("https://sig.aminerals.cl/imgdyn/rest/services/CL_MLP_PAO/",U25,"/","ImageServer/file?id=.\",S25,"\",R25,"_",Q25,"_",P25,"\",C25,"&rasterId=") -> https://sig.aminerals.cl/imgdyn/rest/services/CL_MLP_PAO/CL_MLP_PAO_IF_Ortho_ALL/ImageServer/file?id=.\El_Mauro_Puerto_Punta_Chungo_Drone\25_04_10\CL_MLP_PAO_IF_Ortho_25_04_10_Ruta-D-865_02.tiff&rasterId= | L25: CL | M25: MLP | N25: IF | O25: Ortho | P25: =TEXT(H25,"dd") -> 10 | Q25: =TEXT(H25,"MM") -> 04 | R25: =TEXT(H25,"YY") -> 25 | S25: El_Mauro_Puerto_Punta_Chungo_Drone | T25: 1 | U25: CL_MLP_PAO_IF_Ortho_ALL | V25: =RIGHT(D25,LEN(D25)-29) -> Ruta-D-865_02 | W25: =E25 -> Ruta-D-865_02 | X25: =V25=W25 -> TRUE | Y25: =VLOOKUP(D25,'Orden de Imagen'!$A$1:D165,4,FALSE()) -> #N/A | Z25: =CONCATENATE(Y25,"_",R25,"_",Q25,"_",P25,"_",E25) -> #N/A
A26: 25 | B26: 20250410_Ruta-D-865_03.tif | C26: CL_MLP_PAO_IF_Ortho_25_04_10_Ruta-D-865_03.tiff | D26: =CONCATENATE(L26,"_",M26,"_",G26,"_",N26,"_",O26,"_",R26,"_",Q26,"_",P26,"_",E26) -> CL_MLP_PAO_IF_Ortho_25_04_10_Ruta-D-865_03 | E26: Ruta-D-865_03 | F26: DJI MATRICE 350 RTK | G26: PAO | H26: 45757.167 | I26: 45870 | J26: Activo | K26: =CONCATENATE("https://sig.aminerals.cl/imgdyn/rest/services/CL_MLP_PAO/",U26,"/","ImageServer/file?id=.\",S26,"\",R26,"_",Q26,"_",P26,"\",C26,"&rasterId=") -> https://sig.aminerals.cl/imgdyn/rest/services/CL_MLP_PAO/CL_MLP_PAO_IF_Ortho_ALL/ImageServer/file?id=.\El_Mauro_Puerto_Punta_Chungo_Drone\25_04_10\CL_MLP_PAO_IF_Ortho_25_04_10_Ruta-D-865_03.tiff&rasterId= | L26: CL | M26: MLP | N26: IF | O26: Ortho | P26: =TEXT(H26,"dd") -> 10 | Q26: =TEXT(H26,"MM") -> 04 | R26: =TEXT(H26,"YY") -> 25 | S26: El_Mauro_Puerto_Punta_Chungo_Drone | T26: 1 | U26: CL_MLP_PAO_IF_Ortho_ALL | V26: =RIGHT(D26,LEN(D26)-29) -> Ruta-D-865_03 | W26: =E26 -> Ruta-D-865_03 | X26: =V26=W26 -> TRUE | Y26: =VLOOKUP(D26,'Orden de Imagen'!$A$1:D166,4,FALSE()) -> #N/A | Z26: =CONCATENATE(Y26,"_",R26,"_",Q26,"_",P26,"_",E26) -> #N/A
A27: 26 | B27: 20250410_Ruta-D-865_04.tif | C27: CL_MLP_PAO_IF_Ortho_25_04_10_Ruta-D-865_04.tiff | D27: =CONCATENATE(L27,"_",M27,"_",G27,"_",N27,"_",O27,"_",R27,"_",Q27,"_",P27,"_",E27) -> CL_MLP_PAO_IF_Ortho_25_04_10_Ruta-D-865_04 | E27: Ruta-D-865_04 | F27: DJI MATRICE 350 RTK | G27: PAO | H27: 45757.167 | I27: 45870 | J27: Activo | K27: =CONCATENATE("https://sig.aminerals.cl/imgdyn/rest/services/CL_MLP_PAO/",U27,"/","ImageServer/file?id=.\",S27,"\",R27,"_",Q27,"_",P27,"\",C27,"&rasterId=") -> https://sig.aminerals.cl/imgdyn/rest/services/CL_MLP_PAO/CL_MLP_PAO_IF_Ortho_ALL/ImageServer/file?id=.\El_Mauro_Puerto_Punta_Chungo_Drone\25_04_10\CL_MLP_PAO_IF_Ortho_25_04_10_Ruta-D-865_04.tiff&rasterId= | L27: CL | M27: MLP | N27: IF | O27: Ortho | P27: =TEXT(H27,"dd") -> 10 | Q27: =TEXT(H27,"MM") -> 04 | R27: =TEXT(H27,"YY") -> 25 | S27: El_Mauro_Puerto_Punta_Chungo_Drone | T27: 1 | U27: CL_MLP_PAO_IF_Ortho_ALL | V27: =RIGHT(D27,LEN(D27)-29) -> Ruta-D-865_04 | W27: =E27 -> Ruta-D-865_04 | X27: =V27=W27 -> TRUE | Y27: =VLOOKUP(D27,'Orden de Imagen'!$A$1:D167,4,FALSE()) -> #N/A | Z27: =CONCATENATE(Y27,"_",R27,"_",Q27,"_",P27,"_",E27) -> #N/A
A28: 27 | B28: 20250410_Ruta-D-865_05.tif | C28: CL_MLP_PAO_IF_Ortho_25_04_10_Ruta-D-865_05.tiff | D28: =CONCATENATE(L28,"_",M28,"_",G28,"_",N28,"_",O28,"_",R28,"_",Q28,"_",P28,"_",E28) -> CL_MLP_PAO_IF_Ortho_25_04_10_Ruta-D-865_05 | E28: Ruta-D-865_05 | F28: DJI MATRICE 350 RTK | G28: PAO | H28: 45757.167 | I28: 45870 | J28: Activo | K28: =CONCATENATE("https://sig.aminerals.cl/imgdyn/rest/services/CL_MLP_PAO/",U28,"/","ImageServer/file?id=.\",S28,"\",R28,"_",Q28,"_",P28,"\",C28,"&rasterId=") -> https://sig.aminerals.cl/imgdyn/rest/services/CL_MLP_PAO/CL_MLP_PAO_IF_Ortho_ALL/ImageServer/file?id=.\El_Mauro_Puerto_Punta_Chungo_Drone\25_04_10\CL_MLP_PAO_IF_Ortho_25_04_10_Ruta-D-865_05.tiff&rasterId= | L28: CL | M28: MLP | N28: IF | O28: Ortho | P28: =TEXT(H28,"dd") -> 10 | Q28: =TEXT(H28,"MM") -> 04 | R28: =TEXT(H28,"YY") -> 25 | S28: El_Mauro_Puerto_Punta_Chungo_Drone | T28: 1 | U28: CL_MLP_PAO_IF_Ortho_ALL | V28: =RIGHT(D28,LEN(D28)-29) -> Ruta-D-865_05 | W28: =E28 -> Ruta-D-865_05 | X28: =V28=W28 -> TRUE | Y28: =VLOOKUP(D28,'Orden de Imagen'!$A$1:D168,4,FALSE()) -> #N/A | Z28: =CONCATENATE(Y28,"_",R28,"_",Q28,"_",P28,"_",E28) -> #N/A
A29: 28 | C29: =CONCATENATE(L29,"_",M29,"_",G29,"_",N29,"_",O29,"_",R29,"_",Q29,"_",P29,"_",E29,".tiff") -> CL_MLP_PAO_IF_Ortho_25_04_10_Sector_Pupio_I_Area_1.tiff | D29: =CONCATENATE(L29,"_",M29,"_",G29,"_",N29,"_",O29,"_",R29,"_",Q29,"_",P29,"_",E29) -> CL_MLP_PAO_IF_Ortho_25_04_10_Sector_Pupio_I_Area_1 | E29: Sector_Pupio_I_Area_1 | F29: DJI MATRICE 350 RTK | G29: PAO | H29: 45757.167 | I29: 45933 | J29: Activo | K29: =CONCATENATE("https://sig.aminerals.cl/imgdyn/rest/services/CL_MLP_PAO/",U29,"/","ImageServer/file?id=.\",S29,"\",R29,"_",Q29,"_",P29,"\",C29,"&rasterId=") -> https://sig.aminerals.cl/imgdyn/rest/services/CL_MLP_PAO/CL_MLP_PAO_IF_Ortho_ALL/ImageServer/file?id=.\El_Mauro_Puerto_Punta_Chungo_Drone\25_04_10\CL_MLP_PAO_IF_Ortho_25_04_10_Sector_Pupio_I_Area_1.tiff&rasterId= | L29: CL | M29: MLP | N29: IF | O29: Ortho | P29: =TEXT(H29,"dd") -> 10 | Q29: =TEXT(H29,"MM") -> 04 | R29: =TEXT(H29,"YY") -> 25 | S29: El_Mauro_Puerto_Punta_Chungo_Drone | T29: 1 | U29: CL_MLP_PAO_IF_Ortho_ALL | V29: =RIGHT(D29,LEN(D29)-29) -> Sector_Pupio_I_Area_1 | W29: =E29 -> Sector_Pupio_I_Area_1 | X29: =V29=W29 -> TRUE | Y29: =VLOOKUP(D29,'Orden de Imagen'!$A$1:D169,4,FALSE()) -> 018 | Z29: =CONCATENATE(Y29,"_",R29,"_",Q29,"_",P29,"_",E29) -> 018_25_04_10_Sector_Pupio_I_Area_1
A30: 29 | C30: =CONCATENATE(L30,"_",M30,"_",G30,"_",N30,"_",O30,"_",R30,"_",Q30,"_",P30,"_",E30,".tiff") -> CL_MLP_PAO_IF_Ortho_25_05_07_Monte_Aranda_82p3_a_80p7.tiff | D30: =CONCATENATE(L30,"_",M30,"_",G30,"_",N30,"_",O30,"_",R30,"_",Q30,"_",P30,"_",E30) -> CL_MLP_PAO_IF_Ortho_25_05_07_Monte_Aranda_82p3_a_80p7 | E30: Monte_Aranda_82p3_a_80p7 | F30: DJI MATRICE 350 RTK | G30: PAO | H30: 45784.167 | I30: 45933 | J30: Activo | K30: =CONCATENATE("https://sig.aminerals.cl/imgdyn/rest/services/CL_MLP_PAO/",U30,"/","ImageServer/file?id=.\",S30,"\",R30,"_",Q30,"_",P30,"\",C30,"&rasterId=") -> https://sig.aminerals.cl/imgdyn/rest/services/CL_MLP_PAO/CL_MLP_PAO_IF_Ortho_ALL/ImageServer/file?id=.\El_Mauro_Puerto_Punta_Chungo_Drone\25_05_07\CL_MLP_PAO_IF_Ortho_25_05_07_Monte_Aranda_82p3_a_80p7.tiff&rasterId= | L30: CL | M30: MLP | N30: IF | O30: Ortho | P30: =TEXT(H30,"dd") -> 07 | Q30: =TEXT(H30,"MM") -> 05 | R30: =TEXT(H30,"YY") -> 25 | S30: El_Mauro_Puerto_Punta_Chungo_Drone | T30: 1 | U30: CL_MLP_PAO_IF_Ortho_ALL | V30: =RIGHT(D30,LEN(D30)-29) -> Monte_Aranda_82p3_a_80p7 | W30: Monte_Aranda_82p3_a_80p7 | X30: =V30=W30 -> TRUE | Y30: =VLOOKUP(D30,'Orden de Imagen'!$A$1:D170,4,FALSE()) -> 019 | Z30: =CONCATENATE(Y30,"_",R30,"_",Q30,"_",P30,"_",E30) -> 019_25_05_07_Monte_Aranda_82p3_a_80p7
A31: 30 | C31: =CONCATENATE(L31,"_",M31,"_",G31,"_",N31,"_",O31,"_",R31,"_",Q31,"_",P31,"_",E31,".tiff") -> CL_MLP_PAO_IF_Ortho_25_05_07_Monte-Aranda-84p2-a-82p3.tiff | D31: =CONCATENATE(L31,"_",M31,"_",G31,"_",N31,"_",O31,"_",R31,"_",Q31,"_",P31,"_",E31) -> CL_MLP_PAO_IF_Ortho_25_05_07_Monte-Aranda-84p2-a-82p3 | E31: Monte-Aranda-84p2-a-82p3 | F31: DJI MATRICE 350 RTK | G31: PAO | H31: 45784.167 | I31: 45870 | J31: Activo | K31: =CONCATENATE("https://sig.aminerals.cl/imgdyn/rest/services/CL_MLP_PAO/",U31,"/","ImageServer/file?id=.\",S31,"\",R31,"_",Q31,"_",P31,"\",C31,"&rasterId=") -> https://sig.aminerals.cl/imgdyn/rest/services/CL_MLP_PAO/CL_MLP_PAO_IF_Ortho_ALL/ImageServer/file?id=.\El_Mauro_Puerto_Punta_Chungo_Drone\25_05_07\CL_MLP_PAO_IF_Ortho_25_05_07_Monte-Aranda-84p2-a-82p3.tiff&rasterId= | L31: CL | M31: MLP | N31: IF | O31: Ortho | P31: =TEXT(H31,"dd") -> 07 | Q31: =TEXT(H31,"MM") -> 05 | R31: =TEXT(H31,"YY") -> 25 | S31: El_Mauro_Puerto_Punta_Chungo_Drone | T31: 1 | U31: CL_MLP_PAO_IF_Ortho_ALL | V31: =RIGHT(D31,LEN(D31)-29) -> Monte-Aranda-84p2-a-82p3 | W31: =E31 -> Monte-Aranda-84p2-a-82p3 | X31: =V31=W31 -> TRUE | Y31: =VLOOKUP(D31,'Orden de Imagen'!$A$1:D171,4,FALSE()) -> 020 | Z31: =CONCATENATE(Y31,"_",R31,"_",Q31,"_",P31,"_",E31) -> 020_25_05_07_Monte-Aranda-84p2-a-82p3
A32: 32 | B32: 20250512_Monte-Aranda-84p2-a-82p3-01.tif | C32: CL_MLP_PAO_IF_Ortho_25_05_07_Monte-Aranda-84p2-a-82p3-01.tiff | D32: =CONCATENATE(L32,"_",M32,"_",G32,"_",N32,"_",O32,"_",R32,"_",Q32,"_",P32,"_",E32) -> CL_MLP_PAO_IF_Ortho_25_05_07_Monte-Aranda-84p2-a-82p3-01 | E32: Monte-Aranda-84p2-a-82p3-01 | F32: DJI MATRICE 350 RTK | G32: PAO | H32: 45784.167 | I32: 45870 | J32: Activo | K32: =CONCATENATE("https://sig.aminerals.cl/imgdyn/rest/services/CL_MLP_PAO/",U32,"/","ImageServer/file?id=.\",S32,"\",R32,"_",Q32,"_",P32,"\",C32,"&rasterId=") -> https://sig.aminerals.cl/imgdyn/rest/services/CL_MLP_PAO/CL_MLP_PAO_IF_Ortho_ALL/ImageServer/file?id=.\El_Mauro_Puerto_Punta_Chungo_Drone\25_05_07\CL_MLP_PAO_IF_Ortho_25_05_07_Monte-Aranda-84p2-a-82p3-01.tiff&rasterId= | L32: CL | M32: MLP | N32: IF | O32: Ortho | P32: =TEXT(H32,"dd") -> 07 | Q32: =TEXT(H32,"MM") -> 05 | R32: =TEXT(H32,"YY") -> 25 | S32: El_Mauro_Puerto_Punta_Chungo_Drone | T32: 1 | U32: CL_MLP_PAO_IF_Ortho_ALL | V32: =RIGHT(D32,LEN(D32)-29) -> Monte-Aranda-84p2-a-82p3-01 | W32: =E32 -> Monte-Aranda-84p2-a-82p3-01 | X32: =V32=W32 -> TRUE | Y32: =VLOOKUP(D32,'Orden de Imagen'!$A$1:D173,4,FALSE()) -> #N/A | Z32: =CONCATENATE(Y32,"_",R32,"_",Q32,"_",P32,"_",E32) -> #N/A
A33: 33 | B33: 20250512_Monte-Aranda-84p2-a-82p3-02.tif | C33: CL_MLP_PAO_IF_Ortho_25_05_07_Monte-Aranda-84p2-a-82p3-02.tiff | D33: =CONCATENATE(L33,"_",M33,"_",G33,"_",N33,"_",O33,"_",R33,"_",Q33,"_",P33,"_",E33) -> CL_MLP_PAO_IF_Ortho_25_05_07_Monte-Aranda-84p2-a-82p3-02 | E33: Monte-Aranda-84p2-a-82p3-02 | F33: DJI MATRICE 350 RTK | G33: PAO | H33: 45784.167 | I33: 45870 | J33: Activo | K33: =CONCATENATE("https://sig.aminerals.cl/imgdyn/rest/services/CL_MLP_PAO/",U33,"/","ImageServer/file?id=.\",S33,"\",R33,"_",Q33,"_",P33,"\",C33,"&rasterId=") -> https://sig.aminerals.cl/imgdyn/rest/services/CL_MLP_PAO/CL_MLP_PAO_IF_Ortho_ALL/ImageServer/file?id=.\El_Mauro_Puerto_Punta_Chungo_Drone\25_05_07\CL_MLP_PAO_IF_Ortho_25_05_07_Monte-Aranda-84p2-a-82p3-02.tiff&rasterId= | L33: CL | M33: MLP | N33: IF | O33: Ortho | P33: =TEXT(H33,"dd") -> 07 | Q33: =TEXT(H33,"MM") -> 05 | R33: =TEXT(H33,"YY") -> 25 | S33: El_Mauro_Puerto_Punta_Chungo_Drone | T33: 1 | U33: CL_MLP_PAO_IF_Ortho_ALL | V33: =RIGHT(D33,LEN(D33)-29) -> Monte-Aranda-84p2-a-82p3-02 | W33: =E33 -> Monte-Aranda-84p2-a-82p3-02 | X33: =V33=W33 -> TRUE | Y33: =VLOOKUP(D33,'Orden de Imagen'!$A$1:D174,4,FALSE()) -> #N/A | Z33: =CONCATENATE(Y33,"_",R33,"_",Q33,"_",P33,"_",E33) -> #N/A
A34: 34 | B34: 20250512_Monte-Aranda-84p2-a-82p3-03.tif | C34: CL_MLP_PAO_IF_Ortho_25_05_07_Monte-Aranda-84p2-a-82p3-03.tiff | D34: =CONCATENATE(L34,"_",M34,"_",G34,"_",N34,"_",O34,"_",R34,"_",Q34,"_",P34,"_",E34) -> CL_MLP_PAO_IF_Ortho_25_05_07_Monte-Aranda-84p2-a-82p3-03 | E34: Monte-Aranda-84p2-a-82p3-03 | F34: DJI MATRICE 350 RTK | G34: PAO | H34: 45784.167 | I34: 45870 | J34: Activo | K34: =CONCATENATE("https://sig.aminerals.cl/imgdyn/rest/services/CL_MLP_PAO/",U34,"/","ImageServer/file?id=.\",S34,"\",R34,"_",Q34,"_",P34,"\",C34,"&rasterId=") -> https://sig.aminerals.cl/imgdyn/rest/services/CL_MLP_PAO/CL_MLP_PAO_IF_Ortho_ALL/ImageServer/file?id=.\El_Mauro_Puerto_Punta_Chungo_Drone\25_05_07\CL_MLP_PAO_IF_Ortho_25_05_07_Monte-Aranda-84p2-a-82p3-03.tiff&rasterId= | L34: CL | M34: MLP | N34: IF | O34: Ortho | P34: =TEXT(H34,"dd") -> 07 | Q34: =TEXT(H34,"MM") -> 05 | R34: =TEXT(H34,"YY") -> 25 | S34: El_Mauro_Puerto_Punta_Chungo_Drone | T34: 1 | U34: CL_MLP_PAO_IF_Ortho_ALL | V34: =RIGHT(D34,LEN(D34)-29) -> Monte-Aranda-84p2-a-82p3-03 | W34: =E34 -> Monte-Aranda-84p2-a-82p3-03 | X34: =V34=W34 -> TRUE | Y34: =VLOOKUP(D34,'Orden de Imagen'!$A$1:D175,4,FALSE()) -> #N/A | Z34: =CONCATENATE(Y34,"_",R34,"_",Q34,"_",P34,"_",E34) -> #N/A
A35: 35 | B35: 20250512_Monte-Aranda-84p2-a-82p3-04.tif | C35: CL_MLP_PAO_IF_Ortho_25_05_07_Monte-Aranda-84p2-a-82p3-04.tiff | D35: =CONCATENATE(L35,"_",M35,"_",G35,"_",N35,"_",O35,"_",R35,"_",Q35,"_",P35,"_",E35) -> CL_MLP_PAO_IF_Ortho_25_05_07_Monte-Aranda-84p2-a-82p3-04 | E35: Monte-Aranda-84p2-a-82p3-04 | F35: DJI MATRICE 350 RTK | G35: PAO | H35: 45784.167 | I35: 45870 | J35: Activo | K35: =CONCATENATE("https://sig.aminerals.cl/imgdyn/rest/services/CL_MLP_PAO/",U35,"/","ImageServer/file?id=.\",S35,"\",R35,"_",Q35,"_",P35,"\",C35,"&rasterId=") -> https://sig.aminerals.cl/imgdyn/rest/services/CL_MLP_PAO/CL_MLP_PAO_IF_Ortho_ALL/ImageServer/file?id=.\El_Mauro_Puerto_Punta_Chungo_Drone\25_05_07\CL_MLP_PAO_IF_Ortho_25_05_07_Monte-Aranda-84p2-a-82p3-04.tiff&rasterId= | L35: CL | M35: MLP | N35: IF | O35: Ortho | P35: =TEXT(H35,"dd") -> 07 | Q35: =TEXT(H35,"MM") -> 05 | R35: =TEXT(H35,"YY") -> 25 | S35: El_Mauro_Puerto_Punta_Chungo_Drone | T35: 1 | U35: CL_MLP_PAO_IF_Ortho_ALL | V35: =RIGHT(D35,LEN(D35)-29) -> Monte-Aranda-84p2-a-82p3-04 | W35: =E35 -> Monte-Aranda-84p2-a-82p3-04 | X35: =V35=W35 -> TRUE | Y35: =VLOOKUP(D35,'Orden de Imagen'!$A$1:D176,4,FALSE()) -> #N/A | Z35: =CONCATENATE(Y35,"_",R35,"_",Q35,"_",P35,"_",E35) -> #N/A
A36: 36 | B36: 20250507_Ruta-D-377-E01.tif | C36: CL_MLP_PAO_IF_Ortho_25_05_07_Ruta-D-377-E01.tiff | D36: =CONCATENATE(L36,"_",M36,"_",G36,"_",N36,"_",O36,"_",R36,"_",Q36,"_",P36,"_",E36) -> CL_MLP_PAO_IF_Ortho_25_05_07_Ruta-D-377-E01 | E36: Ruta-D-377-E01 | F36: DJI MATRICE 350 RTK | G36: PAO | H36: 45784.167 | I36: 45870 | J36: Activo | K36: =CONCATENATE("https://sig.aminerals.cl/imgdyn/rest/services/CL_MLP_PAO/",U36,"/","ImageServer/file?id=.\",S36,"\",R36,"_",Q36,"_",P36,"\",C36,"&rasterId=") -> https://sig.aminerals.cl/imgdyn/rest/services/CL_MLP_PAO/CL_MLP_PAO_IF_Ortho_ALL/ImageServer/file?id=.\El_Mauro_Puerto_Punta_Chungo_Drone\25_05_07\CL_MLP_PAO_IF_Ortho_25_05_07_Ruta-D-377-E01.tiff&rasterId= | L36: CL | M36: MLP | N36: IF | O36: Ortho | P36: =TEXT(H36,"dd") -> 07 | Q36: =TEXT(H36,"MM") -> 05 | R36: =TEXT(H36,"YY") -> 25 | S36: El_Mauro_Puerto_Punta_Chungo_Drone | T36: 1 | U36: CL_MLP_PAO_IF_Ortho_ALL | V36: =RIGHT(D36,LEN(D36)-29) -> Ruta-D-377-E01 | W36: =E36 -> Ruta-D-377-E01 | X36: =V36=W36 -> TRUE | Y36: =VLOOKUP(D36,'Orden de Imagen'!$A$1:D177,4,FALSE()) -> #N/A | Z36: =CONCATENATE(Y36,"_",R36,"_",Q36,"_",P36,"_",E36) -> #N/A
A37: 37 | B37: 20250507_Ruta-D-377-E02.tif | C37: CL_MLP_PAO_IF_Ortho_25_05_07_Ruta-D-377-E02.tiff | D37: =CONCATENATE(L37,"_",M37,"_",G37,"_",N37,"_",O37,"_",R37,"_",Q37,"_",P37,"_",E37) -> CL_MLP_PAO_IF_Ortho_25_05_07_Ruta-D-377-E02 | E37: Ruta-D-377-E02 | F37: DJI MATRICE 350 RTK | G37: PAO | H37: 45784.167 | I37: 45870 | J37: Activo | K37: =CONCATENATE("https://sig.aminerals.cl/imgdyn/rest/services/CL_MLP_PAO/",U37,"/","ImageServer/file?id=.\",S37,"\",R37,"_",Q37,"_",P37,"\",C37,"&rasterId=") -> https://sig.aminerals.cl/imgdyn/rest/services/CL_MLP_PAO/CL_MLP_PAO_IF_Ortho_ALL/ImageServer/file?id=.\El_Mauro_Puerto_Punta_Chungo_Drone\25_05_07\CL_MLP_PAO_IF_Ortho_25_05_07_Ruta-D-377-E02.tiff&rasterId= | L37: CL | M37: MLP | N37: IF | O37: Ortho | P37: =TEXT(H37,"dd") -> 07 | Q37: =TEXT(H37,"MM") -> 05 | R37: =TEXT(H37,"YY") -> 25 | S37: El_Mauro_Puerto_Punta_Chungo_Drone | T37: 1 | U37: CL_MLP_PAO_IF_Ortho_ALL | V37: =RIGHT(D37,LEN(D37)-29) -> Ruta-D-377-E02 | W37: =E37 -> Ruta-D-377-E02 | X37: =V37=W37 -> TRUE | Y37: =VLOOKUP(D37,'Orden de Imagen'!$A$1:D178,4,FALSE()) -> #N/A | Z37: =CONCATENATE(Y37,"_",R37,"_",Q37,"_",P37,"_",E37) -> #N/A
A38: 38 | B38: 20250507_Ruta-D-377-E03.tif | C38: CL_MLP_PAO_IF_Ortho_25_05_07_Ruta-D-377-E03.tiff | D38: =CONCATENATE(L38,"_",M38,"_",G38,"_",N38,"_",O38,"_",R38,"_",Q38,"_",P38,"_",E38) -> CL_MLP_PAO_IF_Ortho_25_05_07_Ruta-D-377-E03 | E38: Ruta-D-377-E03 | F38: DJI MATRICE 350 RTK | G38: PAO | H38: 45784.167 | I38: 45870 | J38: Activo | K38: =CONCATENATE("https://sig.aminerals.cl/imgdyn/rest/services/CL_MLP_PAO/",U38,"/","ImageServer/file?id=.\",S38,"\",R38,"_",Q38,"_",P38,"\",C38,"&rasterId=") -> https://sig.aminerals.cl/imgdyn/rest/services/CL_MLP_PAO/CL_MLP_PAO_IF_Ortho_ALL/ImageServer/file?id=.\El_Mauro_Puerto_Punta_Chungo_Drone\25_05_07\CL_MLP_PAO_IF_Ortho_25_05_07_Ruta-D-377-E03.tiff&rasterId= | L38: CL | M38: MLP | N38: IF | O38: Ortho | P38: =TEXT(H38,"dd") -> 07 | Q38: =TEXT(H38,"MM") -> 05 | R38: =TEXT(H38,"YY") -> 25 | S38: El_Mauro_Puerto_Punta_Chungo_Drone | T38: 1 | U38: CL_MLP_PAO_IF_Ortho_ALL | V38: =RIGHT(D38,LEN(D38)-29) -> Ruta-D-377-E03 | W38: =E38 -> Ruta-D-377-E03 | X38: =V38=W38 -> TRUE | Y38: =VLOOKUP(D38,'Orden de Imagen'!$A$1:D179,4,FALSE()) -> #N/A | Z38: =CONCATENATE(Y38,"_",R38,"_",Q38,"_",P38,"_",E38) -> #N/A
A39: 39 | C39: =CONCATENATE(L39,"_",M39,"_",G39,"_",N39,"_",O39,"_",R39,"_",Q39,"_",P39,"_",E39,".tiff") -> CL_MLP_PAO_IF_Ortho_25_05_12_EDT.tiff | D39: =CONCATENATE(L39,"_",M39,"_",G39,"_",N39,"_",O39,"_",R39,"_",Q39,"_",P39,"_",E39) -> CL_MLP_PAO_IF_Ortho_25_05_12_EDT | E39: EDT | F39: DJI MATRICE 350 RTK | G39: PAO | H39: 45789.167 | I39: 45870 | J39: Activo | K39: =CONCATENATE("https://sig.aminerals.cl/imgdyn/rest/services/CL_MLP_PAO/",U39,"/","ImageServer/file?id=.\",S39,"\",R39,"_",Q39,"_",P39,"\",C39,"&rasterId=") -> https://sig.aminerals.cl/imgdyn/rest/services/CL_MLP_PAO/CL_MLP_PAO_IF_Ortho_ALL/ImageServer/file?id=.\Puerto_Punta_Chungo_Drone\25_05_12\CL_MLP_PAO_IF_Ortho_25_05_12_EDT.tiff&rasterId= | L39: CL | M39: MLP | N39: IF | O39: Ortho | P39: =TEXT(H39,"dd") -> 12 | Q39: =TEXT(H39,"MM") -> 05 | R39: =TEXT(H39,"YY") -> 25 | S39: Puerto_Punta_Chungo_Drone | T39: 1 | U39: CL_MLP_PAO_IF_Ortho_ALL | V39: =RIGHT(D39,LEN(D39)-29) -> EDT | W39: =E39 -> EDT | X39: =V39=W39 -> TRUE | Y39: =VLOOKUP(D39,'Orden de Imagen'!$A$1:D180,4,FALSE()) -> 021 | Z39: =CONCATENATE(Y39,"_",R39,"_",Q39,"_",P39,"_",E39) -> 021_25_05_12_EDT
A40: 41 | B40: 20250512_EDT-Completa-01.tiff | C40: CL_MLP_PAO_IF_Ortho_25_05_12_EDT-Completa-01.tif | D40: =CONCATENATE(L40,"_",M40,"_",G40,"_",N40,"_",O40,"_",R40,"_",Q40,"_",P40,"_",E40) -> CL_MLP_PAO_IF_Ortho_25_05_12_EDT-Completa-01 | E40: EDT-Completa-01 | F40: DJI MATRICE 350 RTK | G40: PAO | H40: 45789.167 | I40: 45870 | J40: Activo | K40: =CONCATENATE("https://sig.aminerals.cl/imgdyn/rest/services/CL_MLP_PAO/",U40,"/","ImageServer/file?id=.\",S40,"\",R40,"_",Q40,"_",P40,"\",C40,"&rasterId=") -> https://sig.aminerals.cl/imgdyn/rest/services/CL_MLP_PAO/CL_MLP_PAO_IF_Ortho_ALL/ImageServer/file?id=.\Puerto_Punta_Chungo_Drone\25_05_12\CL_MLP_PAO_IF_Ortho_25_05_12_EDT-Completa-01.tif&rasterId= | L40: CL | M40: MLP | N40: IF | O40: Ortho | P40: =TEXT(H40,"dd") -> 12 | Q40: =TEXT(H40,"MM") -> 05 | R40: =TEXT(H40,"YY") -> 25 | S40: Puerto_Punta_Chungo_Drone | T40: 1 | U40: CL_MLP_PAO_IF_Ortho_ALL | V40: =RIGHT(D40,LEN(D40)-29) -> EDT-Completa-01 | W40: =E40 -> EDT-Completa-01 | X40: =V40=W40 -> TRUE | Y40: =VLOOKUP(D40,'Orden de Imagen'!$A$1:D182,4,FALSE()) -> #N/A | Z40: =CONCATENATE(Y40,"_",R40,"_",Q40,"_",P40,"_",E40) -> #N/A
A41: 42 | B41: 20250512_EDT-Completa-02.tiff | C41: CL_MLP_PAO_IF_Ortho_25_05_12_EDT-Completa-02.tif | D41: =CONCATENATE(L41,"_",M41,"_",G41,"_",N41,"_",O41,"_",R41,"_",Q41,"_",P41,"_",E41) -> CL_MLP_PAO_IF_Ortho_25_05_12_EDT-Completa-02 | E41: EDT-Completa-02 | F41: DJI MATRICE 350 RTK | G41: PAO | H41: 45789.167 | I41: 45870 | J41: Activo | K41: =CONCATENATE("https://sig.aminerals.cl/imgdyn/rest/services/CL_MLP_PAO/",U41,"/","ImageServer/file?id=.\",S41,"\",R41,"_",Q41,"_",P41,"\",C41,"&rasterId=") -> https://sig.aminerals.cl/imgdyn/rest/services/CL_MLP_PAO/CL_MLP_PAO_IF_Ortho_ALL/ImageServer/file?id=.\Puerto_Punta_Chungo_Drone\25_05_12\CL_MLP_PAO_IF_Ortho_25_05_12_EDT-Completa-02.tif&rasterId= | L41: CL | M41: MLP | N41: IF | O41: Ortho | P41: =TEXT(H41,"dd") -> 12 | Q41: =TEXT(H41,"MM") -> 05 | R41: =TEXT(H41,"YY") -> 25 | S41: Puerto_Punta_Chungo_Drone | T41: 1 | U41: CL_MLP_PAO_IF_Ortho_ALL | V41: =RIGHT(D41,LEN(D41)-29) -> EDT-Completa-02 | W41: =E41 -> EDT-Completa-02 | X41: =V41=W41 -> TRUE | Y41: =VLOOKUP(D41,'Orden de Imagen'!$A$1:D183,4,FALSE()) -> #N/A | Z41: =CONCATENATE(Y41,"_",R41,"_",Q41,"_",P41,"_",E41) -> #N/A
A42: 43 | B42: 20250512_EDT-Completa-03.tiff | C42: CL_MLP_PAO_IF_Ortho_25_05_12_EDT-Completa-03.tif | D42: =CONCATENATE(L42,"_",M42,"_",G42,"_",N42,"_",O42,"_",R42,"_",Q42,"_",P42,"_",E42) -> CL_MLP_PAO_IF_Ortho_25_05_12_EDT-Completa-03 | E42: EDT-Completa-03 | F42: DJI MATRICE 350 RTK | G42: PAO | H42: 45789.167 | I42: 45870 | J42: Activo | K42: =CONCATENATE("https://sig.aminerals.cl/imgdyn/rest/services/CL_MLP_PAO/",U42,"/","ImageServer/file?id=.\",S42,"\",R42,"_",Q42,"_",P42,"\",C42,"&rasterId=") -> https://sig.aminerals.cl/imgdyn/rest/services/CL_MLP_PAO/CL_MLP_PAO_IF_Ortho_ALL/ImageServer/file?id=.\Puerto_Punta_Chungo_Drone\25_05_12\CL_MLP_PAO_IF_Ortho_25_05_12_EDT-Completa-03.tif&rasterId= | L42: CL | M42: MLP | N42: IF | O42: Ortho | P42: =TEXT(H42,"dd") -> 12 | Q42: =TEXT(H42,"MM") -> 05 | R42: =TEXT(H42,"YY") -> 25 | S42: Puerto_Punta_Chungo_Drone | T42: 1 | U42: CL_MLP_PAO_IF_Ortho_ALL | V42: =RIGHT(D42,LEN(D42)-29) -> EDT-Completa-03 | W42: =E42 -> EDT-Completa-03 | X42: =V42=W42 -> TRUE | Y42: =VLOOKUP(D42,'Orden de Imagen'!$A$1:D184,4,FALSE()) -> #N/A | Z42: =CONCATENATE(Y42,"_",R42,"_",Q42,"_",P42,"_",E42) -> #N/A
A43: 44 | B43: 20250512_EDT-Completa-04.tiff | C43: CL_MLP_PAO_IF_Ortho_25_05_12_EDT-Completa-04.tif | D43: =CONCATENATE(L43,"_",M43,"_",G43,"_",N43,"_",O43,"_",R43,"_",Q43,"_",P43,"_",E43) -> CL_MLP_PAO_IF_Ortho_25_05_12_EDT-Completa-04 | E43: EDT-Completa-04 | F43: DJI MATRICE 350 RTK | G43: PAO | H43: 45789.167 | I43: 45870 | J43: Activo | K43: =CONCATENATE("https://sig.aminerals.cl/imgdyn/rest/services/CL_MLP_PAO/",U43,"/","ImageServer/file?id=.\",S43,"\",R43,"_",Q43,"_",P43,"\",C43,"&rasterId=") -> https://sig.aminerals.cl/imgdyn/rest/services/CL_MLP_PAO/CL_MLP_PAO_IF_Ortho_ALL/ImageServer/file?id=.\Puerto_Punta_Chungo_Drone\25_05_12\CL_MLP_PAO_IF_Ortho_25_05_12_EDT-Completa-04.tif&rasterId= | L43: CL | M43: MLP | N43: IF | O43: Ortho | P43: =TEXT(H43,"dd") -> 12 | Q43: =TEXT(H43,"MM") -> 05 | R43: =TEXT(H43,"YY") -> 25 | S43: Puerto_Punta_Chungo_Drone | T43: 1 | U43: CL_MLP_PAO_IF_Ortho_ALL | V43: =RIGHT(D43,LEN(D43)-29) -> EDT-Completa-04 | W43: =E43 -> EDT-Completa-04 | X43: =V43=W43 -> TRUE | Y43: =VLOOKUP(D43,'Orden de Imagen'!$A$1:D185,4,FALSE()) -> #N/A | Z43: =CONCATENATE(Y43,"_",R43,"_",Q43,"_",P43,"_",E43) -> #N/A
A44: 45 | B44: 20250512_EDT-Completa-05.tiff | C44: CL_MLP_PAO_IF_Ortho_25_05_12_EDT-Completa-05.tif | D44: =CONCATENATE(L44,"_",M44,"_",G44,"_",N44,"_",O44,"_",R44,"_",Q44,"_",P44,"_",E44) -> CL_MLP_PAO_IF_Ortho_25_05_12_EDT-Completa-05 | E44: EDT-Completa-05 | F44: DJI MATRICE 350 RTK | G44: PAO | H44: 45789.167 | I44: 45870 | J44: Activo | K44: =CONCATENATE("https://sig.aminerals.cl/imgdyn/rest/services/CL_MLP_PAO/",U44,"/","ImageServer/file?id=.\",S44,"\",R44,"_",Q44,"_",P44,"\",C44,"&rasterId=") -> https://sig.aminerals.cl/imgdyn/rest/services/CL_MLP_PAO/CL_MLP_PAO_IF_Ortho_ALL/ImageServer/file?id=.\Puerto_Punta_Chungo_Drone\25_05_12\CL_MLP_PAO_IF_Ortho_25_05_12_EDT-Completa-05.tif&rasterId= | L44: CL | M44: MLP | N44: IF | O44: Ortho | P44: =TEXT(H44,"dd") -> 12 | Q44: =TEXT(H44,"MM") -> 05 | R44: =TEXT(H44,"YY") -> 25 | S44: Puerto_Punta_Chungo_Drone | T44: 1 | U44: CL_MLP_PAO_IF_Ortho_ALL | V44: =RIGHT(D44,LEN(D44)-29) -> EDT-Completa-05 | W44: =E44 -> EDT-Completa-05 | X44: =V44=W44 -> TRUE | Y44: =VLOOKUP(D44,'Orden de Imagen'!$A$1:D186,4,FALSE()) -> #N/A | Z44: =CONCATENATE(Y44,"_",R44,"_",Q44,"_",P44,"_",E44) -> #N/A
A45: 46 | B45: 20250512_EDT-Completa-06.tiff | C45: CL_MLP_PAO_IF_Ortho_25_05_12_EDT-Completa-06.tif | D45: =CONCATENATE(L45,"_",M45,"_",G45,"_",N45,"_",O45,"_",R45,"_",Q45,"_",P45,"_",E45) -> CL_MLP_PAO_IF_Ortho_25_05_12_EDT-Completa-06 | E45: EDT-Completa-06 | F45: DJI MATRICE 350 RTK | G45: PAO | H45: 45789.167 | I45: 45870 | J45: Activo | K45: =CONCATENATE("https://sig.aminerals.cl/imgdyn/rest/services/CL_MLP_PAO/",U45,"/","ImageServer/file?id=.\",S45,"\",R45,"_",Q45,"_",P45,"\",C45,"&rasterId=") -> https://sig.aminerals.cl/imgdyn/rest/services/CL_MLP_PAO/CL_MLP_PAO_IF_Ortho_ALL/ImageServer/file?id=.\Puerto_Punta_Chungo_Drone\25_05_12\CL_MLP_PAO_IF_Ortho_25_05_12_EDT-Completa-06.tif&rasterId= | L45: CL | M45: MLP | N45: IF | O45: Ortho | P45: =TEXT(H45,"dd") -> 12 | Q45: =TEXT(H45,"MM") -> 05 | R45: =TEXT(H45,"YY") -> 25 | S45: Puerto_Punta_Chungo_Drone | T45: 1 | U45: CL_MLP_PAO_IF_Ortho_ALL | V45: =RIGHT(D45,LEN(D45)-29) -> EDT-Completa-06 | W45: =E45 -> EDT-Completa-06 | X45: =V45=W45 -> TRUE | Y45: =VLOOKUP(D45,'Orden de Imagen'!$A$1:D187,4,FALSE()) -> #N/A | Z45: =CONCATENATE(Y45,"_",R45,"_",Q45,"_",P45,"_",E45) -> #N/A
A46: 48 | C46: =CONCATENATE(L46,"_",M46,"_",G46,"_",N46,"_",O46,"_",R46,"_",Q46,"_",P46,"_",E46,".tiff") -> CL_MLP_PAO_IF_Ortho_25_05_12_IIFF15-Campamento-Tipay.tiff | D46: =CONCATENATE(L46,"_",M46,"_",G46,"_",N46,"_",O46,"_",R46,"_",Q46,"_",P46,"_",E46) -> CL_MLP_PAO_IF_Ortho_25_05_12_IIFF15-Campamento-Tipay | E46: IIFF15-Campamento-Tipay | F46: DJI MATRICE 350 RTK | G46: PAO | H46: 45789.167 | I46: 45933 | J46: Activo | K46: =CONCATENATE("https://sig.aminerals.cl/imgdyn/rest/services/CL_MLP_PAO/",U46,"/","ImageServer/file?id=.\",S46,"\",R46,"_",Q46,"_",P46,"\",C46,"&rasterId=") -> https://sig.aminerals.cl/imgdyn/rest/services/CL_MLP_PAO/CL_MLP_PAO_IF_Ortho_ALL/ImageServer/file?id=.\El_Mauro_Puerto_Punta_Chungo_Drone\25_05_12\CL_MLP_PAO_IF_Ortho_25_05_12_IIFF15-Campamento-Tipay.tiff&rasterId= | L46: CL | M46: MLP | N46: IF | O46: Ortho | P46: =TEXT(H46,"dd") -> 12 | Q46: =TEXT(H46,"MM") -> 05 | R46: =TEXT(H46,"YY") -> 25 | S46: El_Mauro_Puerto_Punta_Chungo_Drone | T46: 1 | U46: CL_MLP_PAO_IF_Ortho_ALL | V46: =RIGHT(D46,LEN(D46)-29) -> IIFF15-Campamento-Tipay | W46: =E46 -> IIFF15-Campamento-Tipay | X46: =V46=W46 -> TRUE | Y46: =VLOOKUP(D46,'Orden de Imagen'!$A$1:D189,4,FALSE()) -> 022 | Z46: =CONCATENATE(Y46,"_",R46,"_",Q46,"_",P46,"_",E46) -> 022_25_05_12_IIFF15-Campamento-Tipay
A47: 49 | B47: 20250512_IIFF15-Campamento-Tipay-01.tif | C47: CL_MLP_PAO_IF_Ortho_25_05_12_IIFF15-Campamento-Tipay-01.tiff | D47: =CONCATENATE(L47,"_",M47,"_",G47,"_",N47,"_",O47,"_",R47,"_",Q47,"_",P47,"_",E47) -> CL_MLP_PAO_IF_Ortho_25_05_12_IIFF15-Campamento-Tipay-01 | E47: IIFF15-Campamento-Tipay-01 | F47: DJI MATRICE 350 RTK | G47: PAO | H47: 45789.167 | I47: 45870 | J47: Activo | K47: =CONCATENATE("https://sig.aminerals.cl/imgdyn/rest/services/CL_MLP_PAO/",U47,"/","ImageServer/file?id=.\",S47,"\",R47,"_",Q47,"_",P47,"\",C47,"&rasterId=") -> https://sig.aminerals.cl/imgdyn/rest/services/CL_MLP_PAO/CL_MLP_PAO_IF_Ortho_ALL/ImageServer/file?id=.\El_Mauro_Puerto_Punta_Chungo_Drone\25_05_12\CL_MLP_PAO_IF_Ortho_25_05_12_IIFF15-Campamento-Tipay-01.tiff&rasterId= | L47: CL | M47: MLP | N47: IF | O47: Ortho | P47: =TEXT(H47,"dd") -> 12 | Q47: =TEXT(H47,"MM") -> 05 | R47: =TEXT(H47,"YY") -> 25 | S47: El_Mauro_Puerto_Punta_Chungo_Drone | T47: 1 | U47: CL_MLP_PAO_IF_Ortho_ALL | V47: =RIGHT(D47,LEN(D47)-29) -> IIFF15-Campamento-Tipay-01 | W47: =E47 -> IIFF15-Campamento-Tipay-01 | X47: =V47=W47 -> TRUE | Y47: =VLOOKUP(D47,'Orden de Imagen'!$A$1:D190,4,FALSE()) -> #N/A | Z47: =CONCATENATE(Y47,"_",R47,"_",Q47,"_",P47,"_",E47) -> #N/A
A48: 50 | B48: 20250512_IIFF15-Campamento-Tipay-02.tif | C48: CL_MLP_PAO_IF_Ortho_25_05_12_IIFF15-Campamento-Tipay-02.tiff | D48: =CONCATENATE(L48,"_",M48,"_",G48,"_",N48,"_",O48,"_",R48,"_",Q48,"_",P48,"_",E48) -> CL_MLP_PAO_IF_Ortho_25_05_12_IIFF15-Campamento-Tipay-02 | E48: IIFF15-Campamento-Tipay-02 | F48: DJI MATRICE 350 RTK | G48: PAO | H48: 45789.167 | I48: 45870 | J48: Activo | K48: =CONCATENATE("https://sig.aminerals.cl/imgdyn/rest/services/CL_MLP_PAO/",U48,"/","ImageServer/file?id=.\",S48,"\",R48,"_",Q48,"_",P48,"\",C48,"&rasterId=") -> https://sig.aminerals.cl/imgdyn/rest/services/CL_MLP_PAO/CL_MLP_PAO_IF_Ortho_ALL/ImageServer/file?id=.\El_Mauro_Puerto_Punta_Chungo_Drone\25_05_12\CL_MLP_PAO_IF_Ortho_25_05_12_IIFF15-Campamento-Tipay-02.tiff&rasterId= | L48: CL | M48: MLP | N48: IF | O48: Ortho | P48: =TEXT(H48,"dd") -> 12 | Q48: =TEXT(H48,"MM") -> 05 | R48: =TEXT(H48,"YY") -> 25 | S48: El_Mauro_Puerto_Punta_Chungo_Drone | T48: 1 | U48: CL_MLP_PAO_IF_Ortho_ALL | V48: =RIGHT(D48,LEN(D48)-29) -> IIFF15-Campamento-Tipay-02 | W48: =E48 -> IIFF15-Campamento-Tipay-02 | X48: =V48=W48 -> TRUE | Y48: =VLOOKUP(D48,'Orden de Imagen'!$A$1:D191,4,FALSE()) -> #N/A | Z48: =CONCATENATE(Y48,"_",R48,"_",Q48,"_",P48,"_",E48) -> #N/A
A49: 51 | B49: 20250512_IIFF15-Campamento-Tipay-03.tif | C49: CL_MLP_PAO_IF_Ortho_25_05_12_IIFF15-Campamento-Tipay-03.tiff | D49: =CONCATENATE(L49,"_",M49,"_",G49,"_",N49,"_",O49,"_",R49,"_",Q49,"_",P49,"_",E49) -> CL_MLP_PAO_IF_Ortho_25_05_12_IIFF15-Campamento-Tipay-03 | E49: IIFF15-Campamento-Tipay-03 | F49: DJI MATRICE 350 RTK | G49: PAO | H49: 45789.167 | I49: 45870 | J49: Activo | K49: =CONCATENATE("https://sig.aminerals.cl/imgdyn/rest/services/CL_MLP_PAO/",U49,"/","ImageServer/file?id=.\",S49,"\",R49,"_",Q49,"_",P49,"\",C49,"&rasterId=") -> https://sig.aminerals.cl/imgdyn/rest/services/CL_MLP_PAO/CL_MLP_PAO_IF_Ortho_ALL/ImageServer/file?id=.\El_Mauro_Puerto_Punta_Chungo_Drone\25_05_12\CL_MLP_PAO_IF_Ortho_25_05_12_IIFF15-Campamento-Tipay-03.tiff&rasterId= | L49: CL | M49: MLP | N49: IF | O49: Ortho | P49: =TEXT(H49,"dd") -> 12 | Q49: =TEXT(H49,"MM") -> 05 | R49: =TEXT(H49,"YY") -> 25 | S49: El_Mauro_Puerto_Punta_Chungo_Drone | T49: 1 | U49: CL_MLP_PAO_IF_Ortho_ALL | V49: =RIGHT(D49,LEN(D49)-29) -> IIFF15-Campamento-Tipay-03 | W49: =E49 -> IIFF15-Campamento-Tipay-03 | X49: =V49=W49 -> TRUE | Y49: =VLOOKUP(D49,'Orden de Imagen'!$A$1:D192,4,FALSE()) -> #N/A | Z49: =CONCATENATE(Y49,"_",R49,"_",Q49,"_",P49,"_",E49) -> #N/A
A50: 52 | B50: 20250512_IIFF15-Campamento-Tipay-04.tif | C50: CL_MLP_PAO_IF_Ortho_25_05_12_IIFF15-Campamento-Tipay-04.tiff | D50: =CONCATENATE(L50,"_",M50,"_",G50,"_",N50,"_",O50,"_",R50,"_",Q50,"_",P50,"_",E50) -> CL_MLP_PAO_IF_Ortho_25_05_12_IIFF15-Campamento-Tipay-04 | E50: IIFF15-Campamento-Tipay-04 | F50: DJI MATRICE 350 RTK | G50: PAO | H50: 45789.167 | I50: 45870 | J50: Activo | K50: =CONCATENATE("https://sig.aminerals.cl/imgdyn/rest/services/CL_MLP_PAO/",U50,"/","ImageServer/file?id=.\",S50,"\",R50,"_",Q50,"_",P50,"\",C50,"&rasterId=") -> https://sig.aminerals.cl/imgdyn/rest/services/CL_MLP_PAO/CL_MLP_PAO_IF_Ortho_ALL/ImageServer/file?id=.\El_Mauro_Puerto_Punta_Chungo_Drone\25_05_12\CL_MLP_PAO_IF_Ortho_25_05_12_IIFF15-Campamento-Tipay-04.tiff&rasterId= | L50: CL | M50: MLP | N50: IF | O50: Ortho | P50: =TEXT(H50,"dd") -> 12 | Q50: =TEXT(H50,"MM") -> 05 | R50: =TEXT(H50,"YY") -> 25 | S50: El_Mauro_Puerto_Punta_Chungo_Drone | T50: 1 | U50: CL_MLP_PAO_IF_Ortho_ALL | V50: =RIGHT(D50,LEN(D50)-29) -> IIFF15-Campamento-Tipay-04 | W50: =E50 -> IIFF15-Campamento-Tipay-04 | X50: =V50=W50 -> TRUE | Y50: =VLOOKUP(D50,'Orden de Imagen'!$A$1:D193,4,FALSE()) -> #N/A | Z50: =CONCATENATE(Y50,"_",R50,"_",Q50,"_",P50,"_",E50) -> #N/A
A51: 53 | B51: 20250512_IIFF15-Campamento-Tipay-05.tif | C51: CL_MLP_PAO_IF_Ortho_25_05_12_IIFF15-Campamento-Tipay-05.tiff | D51: =CONCATENATE(L51,"_",M51,"_",G51,"_",N51,"_",O51,"_",R51,"_",Q51,"_",P51,"_",E51) -> CL_MLP_PAO_IF_Ortho_25_05_12_IIFF15-Campamento-Tipay-05 | E51: IIFF15-Campamento-Tipay-05 | F51: DJI MATRICE 350 RTK | G51: PAO | H51: 45789.167 | I51: 45870 | J51: Activo | K51: =CONCATENATE("https://sig.aminerals.cl/imgdyn/rest/services/CL_MLP_PAO/",U51,"/","ImageServer/file?id=.\",S51,"\",R51,"_",Q51,"_",P51,"\",C51,"&rasterId=") -> https://sig.aminerals.cl/imgdyn/rest/services/CL_MLP_PAO/CL_MLP_PAO_IF_Ortho_ALL/ImageServer/file?id=.\El_Mauro_Puerto_Punta_Chungo_Drone\25_05_12\CL_MLP_PAO_IF_Ortho_25_05_12_IIFF15-Campamento-Tipay-05.tiff&rasterId= | L51: CL | M51: MLP | N51: IF | O51: Ortho | P51: =TEXT(H51,"dd") -> 12 | Q51: =TEXT(H51,"MM") -> 05 | R51: =TEXT(H51,"YY") -> 25 | S51: El_Mauro_Puerto_Punta_Chungo_Drone | T51: 1 | U51: CL_MLP_PAO_IF_Ortho_ALL | V51: =RIGHT(D51,LEN(D51)-29) -> IIFF15-Campamento-Tipay-05 | W51: =E51 -> IIFF15-Campamento-Tipay-05 | X51: =V51=W51 -> TRUE | Y51: =VLOOKUP(D51,'Orden de Imagen'!$A$1:D194,4,FALSE()) -> #N/A | Z51: =CONCATENATE(Y51,"_",R51,"_",Q51,"_",P51,"_",E51) -> #N/A
A52: 54 | B52: 20250512_IIFF15-Campamento-Tipay-06.tif | C52: CL_MLP_PAO_IF_Ortho_25_05_12_IIFF15-Campamento-Tipay-06.tiff | D52: =CONCATENATE(L52,"_",M52,"_",G52,"_",N52,"_",O52,"_",R52,"_",Q52,"_",P52,"_",E52) -> CL_MLP_PAO_IF_Ortho_25_05_12_IIFF15-Campamento-Tipay-06 | E52: IIFF15-Campamento-Tipay-06 | F52: DJI MATRICE 350 RTK | G52: PAO | H52: 45789.167 | I52: 45870 | J52: Activo | K52: =CONCATENATE("https://sig.aminerals.cl/imgdyn/rest/services/CL_MLP_PAO/",U52,"/","ImageServer/file?id=.\",S52,"\",R52,"_",Q52,"_",P52,"\",C52,"&rasterId=") -> https://sig.aminerals.cl/imgdyn/rest/services/CL_MLP_PAO/CL_MLP_PAO_IF_Ortho_ALL/ImageServer/file?id=.\El_Mauro_Puerto_Punta_Chungo_Drone\25_05_12\CL_MLP_PAO_IF_Ortho_25_05_12_IIFF15-Campamento-Tipay-06.tiff&rasterId= | L52: CL | M52: MLP | N52: IF | O52: Ortho | P52: =TEXT(H52,"dd") -> 12 | Q52: =TEXT(H52,"MM") -> 05 | R52: =TEXT(H52,"YY") -> 25 | S52: El_Mauro_Puerto_Punta_Chungo_Drone | T52: 1 | U52: CL_MLP_PAO_IF_Ortho_ALL | V52: =RIGHT(D52,LEN(D52)-29) -> IIFF15-Campamento-Tipay-06 | W52: =E52 -> IIFF15-Campamento-Tipay-06 | X52: =V52=W52 -> TRUE | Y52: =VLOOKUP(D52,'Orden de Imagen'!$A$1:D195,4,FALSE()) -> #N/A | Z52: =CONCATENATE(Y52,"_",R52,"_",Q52,"_",P52,"_",E52) -> #N/A
A53: 55 | B53: 20250512_Monte-Aranda-84p2-a-82p3-05.tif | C53: CL_MLP_PAO_IF_Ortho_25_05_12_Monte-Aranda-84p2-a-82p3.tiff | D53: =CONCATENATE(L53,"_",M53,"_",G53,"_",N53,"_",O53,"_",R53,"_",Q53,"_",P53,"_",E53) -> CL_MLP_PAO_IF_Ortho_25_05_12_Monte-Aranda-84p2-a-82p3 | E53: Monte-Aranda-84p2-a-82p3 | F53: DJI MATRICE 350 RTK | G53: PAO | H53: 45789.167 | I53: 45877 | J53: Activo | K53: =CONCATENATE("https://sig.aminerals.cl/imgdyn/rest/services/CL_MLP_PAO/",U53,"/","ImageServer/file?id=.\",S53,"\",R53,"_",Q53,"_",P53,"\",C53,"&rasterId=") -> https://sig.aminerals.cl/imgdyn/rest/services/CL_MLP_PAO/CL_MLP_PAO_IF_Ortho_ALL/ImageServer/file?id=.\Chacay_El_Mauro_Drone\25_05_12\CL_MLP_PAO_IF_Ortho_25_05_12_Monte-Aranda-84p2-a-82p3.tiff&rasterId= | L53: CL | M53: MLP | N53: IF | O53: Ortho | P53: =TEXT(H53,"dd") -> 12 | Q53: =TEXT(H53,"MM") -> 05 | R53: =TEXT(H53,"YY") -> 25 | S53: Chacay_El_Mauro_Drone | T53: 1 | U53: CL_MLP_PAO_IF_Ortho_ALL | V53: =RIGHT(D53,LEN(D53)-29) -> Monte-Aranda-84p2-a-82p3 | W53: =E53 -> Monte-Aranda-84p2-a-82p3 | X53: =V53=W53 -> TRUE | Y53: =VLOOKUP(D53,'Orden de Imagen'!$A$1:D196,4,FALSE()) -> #N/A | Z53: =CONCATENATE(Y53,"_",R53,"_",Q53,"_",P53,"_",E53) -> #N/A
A54: 56 | B54: 20250515_DME9_PA12_IIFF8_01-Orthomosaic.tiff | C54: CL_MLP_PAO_IF_Ortho_25_05_15_DME9_PA12_IIFF8.tiff | D54: =CONCATENATE(L54,"_",M54,"_",G54,"_",N54,"_",O54,"_",R54,"_",Q54,"_",P54,"_",E54) -> CL_MLP_PAO_IF_Ortho_25_05_15_DME9_PA12_IIFF8 | E54: DME9_PA12_IIFF8 | F54: DJI MATRICE 350 RTK | G54: PAO | H54: 45792.167 | I54: 45878 | J54: Activo | K54: =CONCATENATE("https://sig.aminerals.cl/imgdyn/rest/services/CL_MLP_PAO/",U54,"/","ImageServer/file?id=.\",S54,"\",R54,"_",Q54,"_",P54,"\",C54,"&rasterId=") -> https://sig.aminerals.cl/imgdyn/rest/services/CL_MLP_PAO/CL_MLP_PAO_IF_Ortho_ALL/ImageServer/file?id=.\Chacay_El_Mauro_Drone\25_05_15\CL_MLP_PAO_IF_Ortho_25_05_15_DME9_PA12_IIFF8.tiff&rasterId= | L54: CL | M54: MLP | N54: IF | O54: Ortho | P54: =TEXT(H54,"dd") -> 15 | Q54: =TEXT(H54,"MM") -> 05 | R54: =TEXT(H54,"YY") -> 25 | S54: Chacay_El_Mauro_Drone | T54: 1 | U54: CL_MLP_PAO_IF_Ortho_ALL | V54: =RIGHT(D54,LEN(D54)-29) -> DME9_PA12_IIFF8 | W54: =E54 -> DME9_PA12_IIFF8 | X54: =V54=W54 -> TRUE | Y54: =VLOOKUP(D54,'Orden de Imagen'!$A$1:D197,4,FALSE()) -> 023 | Z54: =CONCATENATE(Y54,"_",R54,"_",Q54,"_",P54,"_",E54) -> 023_25_05_15_DME9_PA12_IIFF8
A55: 57 | B55: 20250515_ED1_IIFF7_DME8_01-Orthomosaic.tiff | C55: CL_MLP_PAO_IF_Ortho_25_05_15_ED1_IIFF7_DME8.tiff | D55: =CONCATENATE(L55,"_",M55,"_",G55,"_",N55,"_",O55,"_",R55,"_",Q55,"_",P55,"_",E55) -> CL_MLP_PAO_IF_Ortho_25_05_15_ED1_IIFF7_DME8 | E55: ED1_IIFF7_DME8 | F55: DJI MATRICE 350 RTK | G55: PAO | H55: 45792.167 | I55: 45879 | J55: Activo | K55: =CONCATENATE("https://sig.aminerals.cl/imgdyn/rest/services/CL_MLP_PAO/",U55,"/","ImageServer/file?id=.\",S55,"\",R55,"_",Q55,"_",P55,"\",C55,"&rasterId=") -> https://sig.aminerals.cl/imgdyn/rest/services/CL_MLP_PAO/CL_MLP_PAO_IF_Ortho_ALL/ImageServer/file?id=.\Chacay_El_Mauro_Drone\25_05_15\CL_MLP_PAO_IF_Ortho_25_05_15_ED1_IIFF7_DME8.tiff&rasterId= | L55: CL | M55: MLP | N55: IF | O55: Ortho | P55: =TEXT(H55,"dd") -> 15 | Q55: =TEXT(H55,"MM") -> 05 | R55: =TEXT(H55,"YY") -> 25 | S55: Chacay_El_Mauro_Drone | T55: 1 | U55: CL_MLP_PAO_IF_Ortho_ALL | V55: =RIGHT(D55,LEN(D55)-29) -> ED1_IIFF7_DME8 | W55: =E55 -> ED1_IIFF7_DME8 | X55: =V55=W55 -> TRUE | Y55: =VLOOKUP(D55,'Orden de Imagen'!$A$1:D198,4,FALSE()) -> 024 | Z55: =CONCATENATE(Y55,"_",R55,"_",Q55,"_",P55,"_",E55) -> 024_25_05_15_ED1_IIFF7_DME8
A56: 58 | B56: 20250525_EM2_PA10_PA11_1.tif | C56: CL_MLP_PAO_IF_Ortho_25_05_15_EM2_PA11_01.tiff | D56: =CONCATENATE(L56,"_",M56,"_",G56,"_",N56,"_",O56,"_",R56,"_",Q56,"_",P56,"_",E56) -> CL_MLP_PAO_IF_Ortho_25_05_15_EM2_PA11_01 | E56: EM2_PA11_01 | F56: DJI MATRICE 350 RTK | G56: PAO | H56: 45792.167 | I56: 45888 | J56: Activo | K56: =CONCATENATE("https://sig.aminerals.cl/imgdyn/rest/services/CL_MLP_PAO/",U56,"/","ImageServer/file?id=.\",S56,"\",R56,"_",Q56,"_",P56,"\",C56,"&rasterId=") -> https://sig.aminerals.cl/imgdyn/rest/services/CL_MLP_PAO/CL_MLP_PAO_IF_Ortho_ALL/ImageServer/file?id=.\Chacay_El_Mauro_Drone\25_05_15\CL_MLP_PAO_IF_Ortho_25_05_15_EM2_PA11_01.tiff&rasterId= | L56: CL | M56: MLP | N56: IF | O56: Ortho | P56: =TEXT(H56,"dd") -> 15 | Q56: =TEXT(H56,"MM") -> 05 | R56: =TEXT(H56,"YY") -> 25 | S56: Chacay_El_Mauro_Drone | T56: 1 | U56: CL_MLP_PAO_IF_Ortho_ALL | V56: =RIGHT(D56,LEN(D56)-29) -> EM2_PA11_01 | W56: =E56 -> EM2_PA11_01 | X56: =V56=W56 -> TRUE | Y56: =VLOOKUP(D56,'Orden de Imagen'!$A$1:D199,4,FALSE()) -> 025 | Z56: =CONCATENATE(Y56,"_",R56,"_",Q56,"_",P56,"_",E56) -> 025_25_05_15_EM2_PA11_01
A57: 59 | B57: 20250529_DME5A_DME17_a_NSTC_78p9-Orthomosaic.tiff | C57: CL_MLP_PAO_IF_Ortho_25_05_29_DME5A_DME17_a_NSTC_78p9.tiff | D57: =CONCATENATE(L57,"_",M57,"_",G57,"_",N57,"_",O57,"_",R57,"_",Q57,"_",P57,"_",E57) -> CL_MLP_PAO_IF_Ortho_25_05_29_DME5A_DME17_a_NSTC_78p9 | E57: DME5A_DME17_a_NSTC_78p9 | F57: DJI MATRICE 350 RTK | G57: PAO | H57: 45806.167 | I57: 45870 | J57: Activo | K57: =CONCATENATE("https://sig.aminerals.cl/imgdyn/rest/services/CL_MLP_PAO/",U57,"/","ImageServer/file?id=.\",S57,"\",R57,"_",Q57,"_",P57,"\",C57,"&rasterId=") -> https://sig.aminerals.cl/imgdyn/rest/services/CL_MLP_PAO/CL_MLP_PAO_IF_Ortho_ALL/ImageServer/file?id=.\El_Mauro_Puerto_Punta_Chungo_Drone\25_05_29\CL_MLP_PAO_IF_Ortho_25_05_29_DME5A_DME17_a_NSTC_78p9.tiff&rasterId= | L57: CL | M57: MLP | N57: IF | O57: Ortho | P57: =TEXT(H57,"dd") -> 29 | Q57: =TEXT(H57,"MM") -> 05 | R57: =TEXT(H57,"YY") -> 25 | S57: El_Mauro_Puerto_Punta_Chungo_Drone | T57: 1 | U57: CL_MLP_PAO_IF_Ortho_ALL | V57: =RIGHT(D57,LEN(D57)-29) -> DME5A_DME17_a_NSTC_78p9 | W57: =E57 -> DME5A_DME17_a_NSTC_78p9 | X57: =V57=W57 -> TRUE | Y57: =VLOOKUP(D57,'Orden de Imagen'!$A$1:D200,4,FALSE()) -> 026 | Z57: =CONCATENATE(Y57,"_",R57,"_",Q57,"_",P57,"_",E57) -> 026_25_05_29_DME5A_DME17_a_NSTC_78p9
A58: 60 | B58: 20250602_ByPassDrenes_Estacion_Drenes_El_Mauro-Orthomosaic.tiff | C58: CL_MLP_PAO_IF_Ortho_25_06_02_ByPassDrenes_Estacion_Drenes_El_Mauro.tiff | D58: =CONCATENATE(L58,"_",M58,"_",G58,"_",N58,"_",O58,"_",R58,"_",Q58,"_",P58,"_",E58) -> CL_MLP_PAO_IF_Ortho_25_06_02_ByPassDrenes_Estacion_Drenes_El_Mauro | E58: ByPassDrenes_Estacion_Drenes_El_Mauro | F58: DJI MATRICE 350 RTK | G58: PAO | H58: 45810.167 | I58: 45870 | J58: Activo | K58: =CONCATENATE("https://sig.aminerals.cl/imgdyn/rest/services/CL_MLP_PAO/",U58,"/","ImageServer/file?id=.\",S58,"\",R58,"_",Q58,"_",P58,"\",C58,"&rasterId=") -> https://sig.aminerals.cl/imgdyn/rest/services/CL_MLP_PAO/CL_MLP_PAO_IF_Ortho_ALL/ImageServer/file?id=.\El_Mauro_Drone\25_06_02\CL_MLP_PAO_IF_Ortho_25_06_02_ByPassDrenes_Estacion_Drenes_El_Mauro.tiff&rasterId= | L58: CL | M58: MLP | N58: IF | O58: Ortho | P58: =TEXT(H58,"dd") -> 02 | Q58: =TEXT(H58,"MM") -> 06 | R58: =TEXT(H58,"YY") -> 25 | S58: El_Mauro_Drone | T58: 1 | U58: CL_MLP_PAO_IF_Ortho_ALL | V58: =RIGHT(D58,LEN(D58)-29) -> ByPassDrenes_Estacion_Drenes_El_Mauro | W58: =E58 -> ByPassDrenes_Estacion_Drenes_El_Mauro | X58: =V58=W58 -> TRUE | Y58: =VLOOKUP(D58,'Orden de Imagen'!$A$1:D201,4,FALSE()) -> 027 | Z58: =CONCATENATE(Y58,"_",R58,"_",Q58,"_",P58,"_",E58) -> 027_25_06_02_ByPassDrenes_Estacion_Drenes_El_Mauro
... A77: 79 | B77: 20250626_Monte_Aranda_84p2_a_82p3-Orthomosaic.tiff | C77: CL_MLP_PAO_IF_Ortho_25_06_26_Monte_Aranda_84p2_a_82p3.tiff | D77: =CONCATENATE(L77,"_",M77,"_",G77,"_",N77,"_",O77,"_",R77,"_",Q77,"_",P77,"_",E77) -> CL_MLP_PAO_IF_Ortho_25_06_26_Monte_Aranda_84p2_a_82p3 | E77: Monte_Aranda_84p2_a_82p3 | F77: DJI MATRICE 350 RTK | G77: PAO | H77: 45834.167 | I77: 45870 | J77: Activo | K77: =CONCATENATE("https://sig.aminerals.cl/imgdyn/rest/services/CL_MLP_PAO/",U77,"/","ImageServer/file?id=.\",S77,"\",R77,"_",Q77,"_",P77,"\",C77,"&rasterId=") -> https://sig.aminerals.cl/imgdyn/rest/services/CL_MLP_PAO/CL_MLP_PAO_IF_Ortho_ALL/ImageServer/file?id=.\El_Mauro_Puerto_Punta_Chungo_Drone\25_06_26\CL_MLP_PAO_IF_Ortho_25_06_26_Monte_Aranda_84p2_a_82p3.tiff&rasterId= | L77: CL | M77: MLP | N77: IF | O77: Ortho | P77: =TEXT(H77,"dd") -> 26 | Q77: =TEXT(H77,"MM") -> 06 | R77: =TEXT(H77,"YY") -> 25 | S77: El_Mauro_Puerto_Punta_Chungo_Drone | T77: 1 | U77: CL_MLP_PAO_IF_Ortho_ALL | V77: =RIGHT(D77,LEN(D77)-29) -> Monte_Aranda_84p2_a_82p3 | W77: =E77 -> Monte_Aranda_84p2_a_82p3 | X77: =V77=W77 -> TRUE | Y77: =VLOOKUP(D77,'Orden de Imagen'!$A$1:D220,4,FALSE()) -> 046 | Z77: =CONCATENATE(Y77,"_",R77,"_",Q77,"_",P77,"_",E77) -> 046_25_06_26_Monte_Aranda_84p2_a_82p3
A78: 79 | C78: CL_MLP_PAO_IF_Ortho_25_06_26_Tramo_EV2_a_EB2.tiff | D78: CL_MLP_PAO_IF_Ortho_25_06_26_Tramo_EV2_a_EB2 | E78: Tramo_EV2_a_EB2 | F78: DJI MATRICE 350 RTK | G78: PAO | H78: 45834.167 | I78: 45870 | J78: Activo | K78: =CONCATENATE("https://sig.aminerals.cl/imgdyn/rest/services/CL_MLP_PAO/",U78,"/","ImageServer/file?id=.\",S78,"\",R78,"_",Q78,"_",P78,"\",C78,"&rasterId=") -> https://sig.aminerals.cl/imgdyn/rest/services/CL_MLP_PAO/CL_MLP_PAO_IF_Ortho_ALL/ImageServer/file?id=.\El_Mauro_Puerto_Punta_Chungo_Drone\25_06_26\CL_MLP_PAO_IF_Ortho_25_06_26_Tramo_EV2_a_EB2.tiff&rasterId= | L78: CL | M78: MLP | N78: IF | O78: Ortho | P78: =TEXT(H78,"dd") -> 26 | Q78: =TEXT(H78,"MM") -> 06 | R78: =TEXT(H78,"YY") -> 25 | S78: El_Mauro_Puerto_Punta_Chungo_Drone | T78: 1 | U78: CL_MLP_PAO_IF_Ortho_ALL | V78: =RIGHT(D78,LEN(D78)-29) -> Tramo_EV2_a_EB2 | W78: =E78 -> Tramo_EV2_a_EB2 | X78: =V78=W78 -> TRUE | Y78: =VLOOKUP(D78,'Orden de Imagen'!$A$1:D221,4,FALSE()) -> 047 | Z78: =CONCATENATE(Y78,"_",R78,"_",Q78,"_",P78,"_",E78) -> 047_25_06_26_Tramo_EV2_a_EB2
A79: 80 | B79: 20250702_DME9_PA12_IIFF8_2.tiff | C79: CL_MLP_PAO_IF_Ortho_25_07_02_DME9_PA12_IIFF8_2.tiff | D79: =CONCATENATE(L79,"_",M79,"_",G79,"_",N79,"_",O79,"_",R79,"_",Q79,"_",P79,"_",E79) -> CL_MLP_PAO_IF_Ortho_25_07_02_DME9_PA12_IIFF8_2 | E79: DME9_PA12_IIFF8_2 | F79: DJI MATRICE 350 RTK | G79: PAO | H79: 45840.167 | I79: 45887 | J79: Activo | K79: =CONCATENATE("https://sig.aminerals.cl/imgdyn/rest/services/CL_MLP_PAO/",U79,"/","ImageServer/file?id=.\",S79,"\",R79,"_",Q79,"_",P79,"\",C79,"&rasterId=") -> https://sig.aminerals.cl/imgdyn/rest/services/CL_MLP_PAO/CL_MLP_PAO_IF_Ortho_ALL/ImageServer/file?id=.\Chacay_El_Mauro_Drone\25_07_02\CL_MLP_PAO_IF_Ortho_25_07_02_DME9_PA12_IIFF8_2.tiff&rasterId= | L79: CL | M79: MLP | N79: IF | O79: Ortho | P79: =TEXT(H79,"dd") -> 02 | Q79: =TEXT(H79,"MM") -> 07 | R79: =TEXT(H79,"YY") -> 25 | S79: Chacay_El_Mauro_Drone | T79: 1 | U79: CL_MLP_PAO_IF_Ortho_ALL | V79: =RIGHT(D79,LEN(D79)-29) -> DME9_PA12_IIFF8_2 | W79: =E79 -> DME9_PA12_IIFF8_2 | X79: =V79=W79 -> TRUE | Y79: =VLOOKUP(D79,'Orden de Imagen'!$A$1:D222,4,FALSE()) -> 048 | Z79: =CONCATENATE(Y79,"_",R79,"_",Q79,"_",P79,"_",E79) -> 048_25_07_02_DME9_PA12_IIFF8_2
A80: 81 | B80: 20250702_EM2_PA10_PA11_2.tiff | C80: CL_MLP_PAO_IF_Ortho_25_07_02_EM2_PA10_PA11_2.tiff | D80: =CONCATENATE(L80,"_",M80,"_",G80,"_",N80,"_",O80,"_",R80,"_",Q80,"_",P80,"_",E80) -> CL_MLP_PAO_IF_Ortho_25_07_02_EM2_PA10_PA11_2 | E80: EM2_PA10_PA11_2 | F80: DJI MATRICE 350 RTK | G80: PAO | H80: 45840.167 | I80: 45888 | J80: Activo | K80: =CONCATENATE("https://sig.aminerals.cl/imgdyn/rest/services/CL_MLP_PAO/",U80,"/","ImageServer/file?id=.\",S80,"\",R80,"_",Q80,"_",P80,"\",C80,"&rasterId=") -> https://sig.aminerals.cl/imgdyn/rest/services/CL_MLP_PAO/CL_MLP_PAO_IF_Ortho_ALL/ImageServer/file?id=.\Chacay_El_Mauro_Drone\25_07_02\CL_MLP_PAO_IF_Ortho_25_07_02_EM2_PA10_PA11_2.tiff&rasterId= | L80: CL | M80: MLP | N80: IF | O80: Ortho | P80: =TEXT(H80,"dd") -> 02 | Q80: =TEXT(H80,"MM") -> 07 | R80: =TEXT(H80,"YY") -> 25 | S80: Chacay_El_Mauro_Drone | T80: 1 | U80: CL_MLP_PAO_IF_Ortho_ALL | V80: =RIGHT(D80,LEN(D80)-29) -> EM2_PA10_PA11_2 | W80: =E80 -> EM2_PA10_PA11_2 | X80: =V80=W80 -> TRUE | Y80: =VLOOKUP(D80,'Orden de Imagen'!$A$1:D223,4,FALSE()) -> 049 | Z80: =CONCATENATE(Y80,"_",R80,"_",Q80,"_",P80,"_",E80) -> 049_25_07_02_EM2_PA10_PA11_2
A81: 82 | B81: 20250703_EV1.tiff | C81: CL_MLP_PAO_IF_Ortho_25_07_03_EV1.tiff | D81: =CONCATENATE(L81,"_",M81,"_",G81,"_",N81,"_",O81,"_",R81,"_",Q81,"_",P81,"_",E81) -> CL_MLP_PAO_IF_Ortho_25_07_03_EV1 | E81: EV1 | F81: DJI MATRICE 350 RTK | G81: PAO | H81: 45841.167 | I81: 45888 | J81: Activo | K81: =CONCATENATE("https://sig.aminerals.cl/imgdyn/rest/services/CL_MLP_PAO/",U81,"/","ImageServer/file?id=.\",S81,"\",R81,"_",Q81,"_",P81,"\",C81,"&rasterId=") -> https://sig.aminerals.cl/imgdyn/rest/services/CL_MLP_PAO/CL_MLP_PAO_IF_Ortho_ALL/ImageServer/file?id=.\Chacay_El_Mauro_Drone\25_07_03\CL_MLP_PAO_IF_Ortho_25_07_03_EV1.tiff&rasterId= | L81: CL | M81: MLP | N81: IF | O81: Ortho | P81: =TEXT(H81,"dd") -> 03 | Q81: =TEXT(H81,"MM") -> 07 | R81: =TEXT(H81,"YY") -> 25 | S81: Chacay_El_Mauro_Drone | T81: 1 | U81: CL_MLP_PAO_IF_Ortho_ALL | V81: =RIGHT(D81,LEN(D81)-29) -> EV1 | W81: =E81 -> EV1 | X81: =V81=W81 -> TRUE | Y81: =VLOOKUP(D81,'Orden de Imagen'!$A$1:D224,4,FALSE()) -> 050 | Z81: =CONCATENATE(Y81,"_",R81,"_",Q81,"_",P81,"_",E81) -> 050_25_07_03_EV1
A82: 83 | B82: 20250703_IIFF4_PA4.tiff | C82: CL_MLP_PAO_IF_Ortho_25_07_03_IIFF4_PA4.tiff | D82: =CONCATENATE(L82,"_",M82,"_",G82,"_",N82,"_",O82,"_",R82,"_",Q82,"_",P82,"_",E82) -> CL_MLP_PAO_IF_Ortho_25_07_03_IIFF4_PA4 | E82: IIFF4_PA4 | F82: DJI MATRICE 350 RTK | G82: PAO | H82: 45841.167 | I82: 45888 | J82: Activo | K82: =CONCATENATE("https://sig.aminerals.cl/imgdyn/rest/services/CL_MLP_PAO/",U82,"/","ImageServer/file?id=.\",S82,"\",R82,"_",Q82,"_",P82,"\",C82,"&rasterId=") -> https://sig.aminerals.cl/imgdyn/rest/services/CL_MLP_PAO/CL_MLP_PAO_IF_Ortho_ALL/ImageServer/file?id=.\Chacay_El_Mauro_Drone\25_07_03\CL_MLP_PAO_IF_Ortho_25_07_03_IIFF4_PA4.tiff&rasterId= | L82: CL | M82: MLP | N82: IF | O82: Ortho | P82: =TEXT(H82,"dd") -> 03 | Q82: =TEXT(H82,"MM") -> 07 | R82: =TEXT(H82,"YY") -> 25 | S82: Chacay_El_Mauro_Drone | T82: 1 | U82: CL_MLP_PAO_IF_Ortho_ALL | V82: =RIGHT(D82,LEN(D82)-29) -> IIFF4_PA4 | W82: =E82 -> IIFF4_PA4 | X82: =V82=W82 -> TRUE | Y82: =VLOOKUP(D82,'Orden de Imagen'!$A$1:D225,4,FALSE()) -> 051 | Z82: =CONCATENATE(Y82,"_",R82,"_",Q82,"_",P82,"_",E82) -> 051_25_07_03_IIFF4_PA4
A83: 84 | B83: 20250703_NSTC_Km_16p1_a_DME4.tiff | C83: CL_MLP_PAO_IF_Ortho_25_07_03_NSTC_Km_16p1_a_DME4.tiff | D83: =CONCATENATE(L83,"_",M83,"_",G83,"_",N83,"_",O83,"_",R83,"_",Q83,"_",P83,"_",E83) -> CL_MLP_PAO_IF_Ortho_25_07_03_NSTC_Km_16p1_a_DME4 | E83: NSTC_Km_16p1_a_DME4 | F83: DJI MATRICE 350 RTK | G83: PAO | H83: 45841.167 | I83: 45888 | J83: Activo | K83: =CONCATENATE("https://sig.aminerals.cl/imgdyn/rest/services/CL_MLP_PAO/",U83,"/","ImageServer/file?id=.\",S83,"\",R83,"_",Q83,"_",P83,"\",C83,"&rasterId=") -> https://sig.aminerals.cl/imgdyn/rest/services/CL_MLP_PAO/CL_MLP_PAO_IF_Ortho_ALL/ImageServer/file?id=.\Chacay_El_Mauro_Drone\25_07_03\CL_MLP_PAO_IF_Ortho_25_07_03_NSTC_Km_16p1_a_DME4.tiff&rasterId= | L83: CL | M83: MLP | N83: IF | O83: Ortho | P83: =TEXT(H83,"dd") -> 03 | Q83: =TEXT(H83,"MM") -> 07 | R83: =TEXT(H83,"YY") -> 25 | S83: Chacay_El_Mauro_Drone | T83: 1 | U83: CL_MLP_PAO_IF_Ortho_ALL | V83: =RIGHT(D83,LEN(D83)-29) -> NSTC_Km_16p1_a_DME4 | W83: =E83 -> NSTC_Km_16p1_a_DME4 | X83: =V83=W83 -> TRUE | Y83: =VLOOKUP(D83,'Orden de Imagen'!$A$1:D226,4,FALSE()) -> 052 | Z83: =CONCATENATE(Y83,"_",R83,"_",Q83,"_",P83,"_",E83) -> 052_25_07_03_NSTC_Km_16p1_a_DME4
A84: 85 | B84: 20250709_NSTC_Km_100_a_101.tiff | C84: CL_MLP_PAO_IF_Ortho_25_07_09_NSTC_Km_100_a_101.tiff | D84: =CONCATENATE(L84,"_",M84,"_",G84,"_",N84,"_",O84,"_",R84,"_",Q84,"_",P84,"_",E84) -> CL_MLP_PAO_IF_Ortho_25_07_09_NSTC_Km_100_a_101 | E84: NSTC_Km_100_a_101 | F84: DJI MATRICE 350 RTK | G84: PAO | H84: 45847.167 | I84: 45888 | J84: Activo | K84: =CONCATENATE("https://sig.aminerals.cl/imgdyn/rest/services/CL_MLP_PAO/",U84,"/","ImageServer/file?id=.\",S84,"\",R84,"_",Q84,"_",P84,"\",C84,"&rasterId=") -> https://sig.aminerals.cl/imgdyn/rest/services/CL_MLP_PAO/CL_MLP_PAO_IF_Ortho_ALL/ImageServer/file?id=.\El_Mauro_Puerto_Punta_Chungo_Drone\25_07_09\CL_MLP_PAO_IF_Ortho_25_07_09_NSTC_Km_100_a_101.tiff&rasterId= | L84: CL | M84: MLP | N84: IF | O84: Ortho | P84: =TEXT(H84,"dd") -> 09 | Q84: =TEXT(H84,"MM") -> 07 | R84: =TEXT(H84,"YY") -> 25 | S84: El_Mauro_Puerto_Punta_Chungo_Drone | T84: 1 | U84: CL_MLP_PAO_IF_Ortho_ALL | V84: =RIGHT(D84,LEN(D84)-29) -> NSTC_Km_100_a_101 | W84: =E84 -> NSTC_Km_100_a_101 | X84: =V84=W84 -> TRUE | Y84: =VLOOKUP(D84,'Orden de Imagen'!$A$1:D227,4,FALSE()) -> 053 | Z84: =CONCATENATE(Y84,"_",R84,"_",Q84,"_",P84,"_",E84) -> 053_25_07_09_NSTC_Km_100_a_101
A85: 86 | B85: 20250715_NSTC_Km_101_a_102.tiff | C85: CL_MLP_PAO_IF_Ortho_25_07_15_NSTC_Km_101_a_102f.tiff | D85: =CONCATENATE(L85,"_",M85,"_",G85,"_",N85,"_",O85,"_",R85,"_",Q85,"_",P85,"_",E85) -> CL_MLP_PAO_IF_Ortho_25_07_15_NSTC_Km_101_a_102f | E85: NSTC_Km_101_a_102f | F85: DJI MATRICE 350 RTK | G85: PAO | H85: 45853.167 | I85: 45870 | J85: Activo | K85: =CONCATENATE("https://sig.aminerals.cl/imgdyn/rest/services/CL_MLP_PAO/",U85,"/","ImageServer/file?id=.\",S85,"\",R85,"_",Q85,"_",P85,"\",C85,"&rasterId=") -> https://sig.aminerals.cl/imgdyn/rest/services/CL_MLP_PAO/CL_MLP_PAO_IF_Ortho_ALL/ImageServer/file?id=.\El_Mauro_Puerto_Punta_Chungo_Drone\25_07_15\CL_MLP_PAO_IF_Ortho_25_07_15_NSTC_Km_101_a_102f.tiff&rasterId= | L85: CL | M85: MLP | N85: IF | O85: Ortho | P85: =TEXT(H85,"dd") -> 15 | Q85: =TEXT(H85,"MM") -> 07 | R85: =TEXT(H85,"YY") -> 25 | S85: El_Mauro_Puerto_Punta_Chungo_Drone | T85: 1 | U85: CL_MLP_PAO_IF_Ortho_ALL | V85: =RIGHT(D85,LEN(D85)-29) -> NSTC_Km_101_a_102f | W85: =E85 -> NSTC_Km_101_a_102f | X85: =V85=W85 -> TRUE | Y85: =VLOOKUP(D85,'Orden de Imagen'!$A$1:D228,4,FALSE()) -> 054 | Z85: =CONCATENATE(Y85,"_",R85,"_",Q85,"_",P85,"_",E85) -> 054_25_07_15_NSTC_Km_101_a_102f
A86: 87 | B86: 20250715_NSTC_Km_102_a_103p2.tiff | C86: CL_MLP_PAO_IF_Ortho_25_07_15_NSTC_Km_102_a_103p2f.tiff | D86: =CONCATENATE(L86,"_",M86,"_",G86,"_",N86,"_",O86,"_",R86,"_",Q86,"_",P86,"_",E86) -> CL_MLP_PAO_IF_Ortho_25_07_15_NSTC_Km_102_a_103p2f | E86: NSTC_Km_102_a_103p2f | F86: DJI MATRICE 350 RTK | G86: PAO | H86: 45853.167 | I86: 45870 | J86: Activo | K86: =CONCATENATE("https://sig.aminerals.cl/imgdyn/rest/services/CL_MLP_PAO/",U86,"/","ImageServer/file?id=.\",S86,"\",R86,"_",Q86,"_",P86,"\",C86,"&rasterId=") -> https://sig.aminerals.cl/imgdyn/rest/services/CL_MLP_PAO/CL_MLP_PAO_IF_Ortho_ALL/ImageServer/file?id=.\El_Mauro_Puerto_Punta_Chungo_Drone\25_07_15\CL_MLP_PAO_IF_Ortho_25_07_15_NSTC_Km_102_a_103p2f.tiff&rasterId= | L86: CL | M86: MLP | N86: IF | O86: Ortho | P86: =TEXT(H86,"dd") -> 15 | Q86: =TEXT(H86,"MM") -> 07 | R86: =TEXT(H86,"YY") -> 25 | S86: El_Mauro_Puerto_Punta_Chungo_Drone | T86: 1 | U86: CL_MLP_PAO_IF_Ortho_ALL | V86: =RIGHT(D86,LEN(D86)-29) -> NSTC_Km_102_a_103p2f | W86: =E86 -> NSTC_Km_102_a_103p2f | X86: =V86=W86 -> TRUE | Y86: =VLOOKUP(D86,'Orden de Imagen'!$A$1:D229,4,FALSE()) -> 055 | Z86: =CONCATENATE(Y86,"_",R86,"_",Q86,"_",P86,"_",E86) -> 055_25_07_15_NSTC_Km_102_a_103p2f
A87: 88 | B87: 20250715_Oreja_16_NSTC_103p3_a_103p8_2.tiff | C87: CL_MLP_PAO_IF_Ortho_25_07_15_Oreja_16_NSTC_103p3_a_103p8_2f.tiff | D87: =CONCATENATE(L87,"_",M87,"_",G87,"_",N87,"_",O87,"_",R87,"_",Q87,"_",P87,"_",E87) -> CL_MLP_PAO_IF_Ortho_25_07_15_Oreja_16_NSTC_103p3_a_103p8_2f | E87: Oreja_16_NSTC_103p3_a_103p8_2f | F87: DJI MATRICE 350 RTK | G87: PAO | H87: 45853.167 | I87: 45870 | J87: Activo | K87: =CONCATENATE("https://sig.aminerals.cl/imgdyn/rest/services/CL_MLP_PAO/",U87,"/","ImageServer/file?id=.\",S87,"\",R87,"_",Q87,"_",P87,"\",C87,"&rasterId=") -> https://sig.aminerals.cl/imgdyn/rest/services/CL_MLP_PAO/CL_MLP_PAO_IF_Ortho_ALL/ImageServer/file?id=.\El_Mauro_Puerto_Punta_Chungo_Drone\25_07_15\CL_MLP_PAO_IF_Ortho_25_07_15_Oreja_16_NSTC_103p3_a_103p8_2f.tiff&rasterId= | L87: CL | M87: MLP | N87: IF | O87: Ortho | P87: =TEXT(H87,"dd") -> 15 | Q87: =TEXT(H87,"MM") -> 07 | R87: =TEXT(H87,"YY") -> 25 | S87: El_Mauro_Puerto_Punta_Chungo_Drone | T87: 1 | U87: CL_MLP_PAO_IF_Ortho_ALL | V87: =RIGHT(D87,LEN(D87)-29) -> Oreja_16_NSTC_103p3_a_103p8_2f | W87: =E87 -> Oreja_16_NSTC_103p3_a_103p8_2f | X87: =V87=W87 -> TRUE | Y87: =VLOOKUP(D87,'Orden de Imagen'!$A$1:D230,4,FALSE()) -> 056 | Z87: =CONCATENATE(Y87,"_",R87,"_",Q87,"_",P87,"_",E87) -> 056_25_07_15_Oreja_16_NSTC_103p3_a_103p8_2f
A88: 89 | B88: 20250715_Oreja_17_NSTC_103p7_a_104p9_2.tiff | C88: CL_MLP_PAO_IF_Ortho_25_07_15_Oreja_17_NSTC_103p7_a_104p9_2f.tiff | D88: =CONCATENATE(L88,"_",M88,"_",G88,"_",N88,"_",O88,"_",R88,"_",Q88,"_",P88,"_",E88) -> CL_MLP_PAO_IF_Ortho_25_07_15_Oreja_17_NSTC_103p7_a_104p9_2f | E88: Oreja_17_NSTC_103p7_a_104p9_2f | F88: DJI MATRICE 350 RTK | G88: PAO | H88: 45853.167 | I88: 45870 | J88: Activo | K88: =CONCATENATE("https://sig.aminerals.cl/imgdyn/rest/services/CL_MLP_PAO/",U88,"/","ImageServer/file?id=.\",S88,"\",R88,"_",Q88,"_",P88,"\",C88,"&rasterId=") -> https://sig.aminerals.cl/imgdyn/rest/services/CL_MLP_PAO/CL_MLP_PAO_IF_Ortho_ALL/ImageServer/file?id=.\El_Mauro_Puerto_Punta_Chungo_Drone\25_07_15\CL_MLP_PAO_IF_Ortho_25_07_15_Oreja_17_NSTC_103p7_a_104p9_2f.tiff&rasterId= | L88: CL | M88: MLP | N88: IF | O88: Ortho | P88: =TEXT(H88,"dd") -> 15 | Q88: =TEXT(H88,"MM") -> 07 | R88: =TEXT(H88,"YY") -> 25 | S88: El_Mauro_Puerto_Punta_Chungo_Drone | T88: 1 | U88: CL_MLP_PAO_IF_Ortho_ALL | V88: =RIGHT(D88,LEN(D88)-29) -> Oreja_17_NSTC_103p7_a_104p9_2f | W88: =E88 -> Oreja_17_NSTC_103p7_a_104p9_2f | X88: =V88=W88 -> TRUE | Y88: =VLOOKUP(D88,'Orden de Imagen'!$A$1:D231,4,FALSE()) -> 057 | Z88: =CONCATENATE(Y88,"_",R88,"_",Q88,"_",P88,"_",E88) -> 057_25_07_15_Oreja_17_NSTC_103p7_a_104p9_2f
A89: 90 | B89: 20250716_NSTC_Km_105p6_a_107.tiff | C89: CL_MLP_PAO_IF_Ortho_25_07_16_NSTC_Km_105p6_a_107f.tiff | D89: =CONCATENATE(L89,"_",M89,"_",G89,"_",N89,"_",O89,"_",R89,"_",Q89,"_",P89,"_",E89) -> CL_MLP_PAO_IF_Ortho_25_07_16_NSTC_Km_105p6_a_107f | E89: NSTC_Km_105p6_a_107f | F89: DJI MATRICE 350 RTK | G89: PAO | H89: 45854.167 | I89: 45870 | J89: Activo | K89: =CONCATENATE("https://sig.aminerals.cl/imgdyn/rest/services/CL_MLP_PAO/",U89,"/","ImageServer/file?id=.\",S89,"\",R89,"_",Q89,"_",P89,"\",C89,"&rasterId=") -> https://sig.aminerals.cl/imgdyn/rest/services/CL_MLP_PAO/CL_MLP_PAO_IF_Ortho_ALL/ImageServer/file?id=.\El_Mauro_Puerto_Punta_Chungo_Drone\25_07_16\CL_MLP_PAO_IF_Ortho_25_07_16_NSTC_Km_105p6_a_107f.tiff&rasterId= | L89: CL | M89: MLP | N89: IF | O89: Ortho | P89: =TEXT(H89,"dd") -> 16 | Q89: =TEXT(H89,"MM") -> 07 | R89: =TEXT(H89,"YY") -> 25 | S89: El_Mauro_Puerto_Punta_Chungo_Drone | T89: 1 | U89: CL_MLP_PAO_IF_Ortho_ALL | V89: =RIGHT(D89,LEN(D89)-29) -> NSTC_Km_105p6_a_107f | W89: =E89 -> NSTC_Km_105p6_a_107f | X89: =V89=W89 -> TRUE | Y89: =VLOOKUP(D89,'Orden de Imagen'!$A$1:D232,4,FALSE()) -> 058 | Z89: =CONCATENATE(Y89,"_",R89,"_",Q89,"_",P89,"_",E89) -> 058_25_07_16_NSTC_Km_105p6_a_107f
A90: 91 | B90: 20250716_NSTC_Km_99_a_100.tiff | C90: CL_MLP_PAO_IF_Ortho_25_07_16_NSTC_Km_99_a_100f.tiff | D90: =CONCATENATE(L90,"_",M90,"_",G90,"_",N90,"_",O90,"_",R90,"_",Q90,"_",P90,"_",E90) -> CL_MLP_PAO_IF_Ortho_25_07_16_NSTC_Km_99_a_100f | E90: NSTC_Km_99_a_100f | F90: DJI MATRICE 350 RTK | G90: PAO | H90: 45854.167 | I90: 45870 | J90: Activo | K90: =CONCATENATE("https://sig.aminerals.cl/imgdyn/rest/services/CL_MLP_PAO/",U90,"/","ImageServer/file?id=.\",S90,"\",R90,"_",Q90,"_",P90,"\",C90,"&rasterId=") -> https://sig.aminerals.cl/imgdyn/rest/services/CL_MLP_PAO/CL_MLP_PAO_IF_Ortho_ALL/ImageServer/file?id=.\El_Mauro_Puerto_Punta_Chungo_Drone\25_07_16\CL_MLP_PAO_IF_Ortho_25_07_16_NSTC_Km_99_a_100f.tiff&rasterId= | L90: CL | M90: MLP | N90: IF | O90: Ortho | P90: =TEXT(H90,"dd") -> 16 | Q90: =TEXT(H90,"MM") -> 07 | R90: =TEXT(H90,"YY") -> 25 | S90: El_Mauro_Puerto_Punta_Chungo_Drone | T90: 1 | U90: CL_MLP_PAO_IF_Ortho_ALL | V90: =RIGHT(D90,LEN(D90)-29) -> NSTC_Km_99_a_100f | W90: =E90 -> NSTC_Km_99_a_100f | X90: =V90=W90 -> TRUE | Y90: =VLOOKUP(D90,'Orden de Imagen'!$A$1:D233,4,FALSE()) -> 059 | Z90: =CONCATENATE(Y90,"_",R90,"_",Q90,"_",P90,"_",E90) -> 059_25_07_16_NSTC_Km_99_a_100f
... A102: 103 | B102: 20250820_Linea_33_kV_NorteElMauro_Area8_8_01-Orthomosaic | C102: CL_MLP_PAO_IF_Ortho_25_08_20_Linea_33_kV_NorteElMauro_Area8_8.tiff | D102: =CONCATENATE(L102,"_",M102,"_",G102,"_",N102,"_",O102,"_",R102,"_",Q102,"_",P102,"_",E102) -> CL_MLP_PAO_IF_Ortho_25_08_20_Linea_33_kV_NorteElMauro_Area8_8 | E102: Linea_33_kV_NorteElMauro_Area8_8 | F102: DJI MATRICE 350 RTK | G102: PAO | H102: 45889.167 | I102: 45887 | J102: Activo | K102: =CONCATENATE("https://sig.aminerals.cl/imgdyn/rest/services/CL_MLP_PAO/",U102,"/","ImageServer/file?id=.\",S102,"\",R102,"_",Q102,"_",P102,"\",C102,"&rasterId=") -> https://sig.aminerals.cl/imgdyn/rest/services/CL_MLP_PAO/CL_MLP_PAO_IF_Ortho_ALL/ImageServer/file?id=.\El_Mauro_Drone\25_08_20\CL_MLP_PAO_IF_Ortho_25_08_20_Linea_33_kV_NorteElMauro_Area8_8.tiff&rasterId= | L102: CL | M102: MLP | N102: IF | O102: Ortho | P102: =TEXT(H102,"dd") -> 20 | Q102: =TEXT(H102,"MM") -> 08 | R102: =TEXT(H102,"YY") -> 25 | S102: El_Mauro_Drone | T102: 1 | U102: CL_MLP_PAO_IF_Ortho_ALL | V102: =RIGHT(D102,LEN(D102)-29) -> Linea_33_kV_NorteElMauro_Area8_8 | W102: =E102 -> Linea_33_kV_NorteElMauro_Area8_8 | X102: =V102=W102 -> TRUE | Y102: =VLOOKUP(D102,'Orden de Imagen'!$A$1:D245,4,FALSE()) -> 071 | Z102: =CONCATENATE(Y102,"_",R102,"_",Q102,"_",P102,"_",E102) -> 071_25_08_20_Linea_33_kV_NorteElMauro_Area8_8
A103: 104 | B103: 20250826_Linea_33_kV_NorteElMauro_Area5_5_01-Orthomosaic | C103: =CONCATENATE(L103,"_",M103,"_",G103,"_",N103,"_",O103,"_",R103,"_",Q103,"_",P103,"_",E103,".tif") -> CL_MLP_PAO_IF_Ortho_25_08_26_Linea_33_kV_NorteElMauro_Area5_5.tif | D103: =CONCATENATE(L103,"_",M103,"_",G103,"_",N103,"_",O103,"_",R103,"_",Q103,"_",P103,"_",E103) -> CL_MLP_PAO_IF_Ortho_25_08_26_Linea_33_kV_NorteElMauro_Area5_5 | E103: Linea_33_kV_NorteElMauro_Area5_5 | F103: DJI MATRICE 350 RTK | G103: PAO | H103: 45895.167 | I103: 45897 | J103: Activo | K103: =CONCATENATE("https://sig.aminerals.cl/imgdyn/rest/services/CL_MLP_PAO/",U103,"/","ImageServer/file?id=.\",S103,"\",R103,"_",Q103,"_",P103,"\",C103,"&rasterId=") -> https://sig.aminerals.cl/imgdyn/rest/services/CL_MLP_PAO/CL_MLP_PAO_IF_Ortho_ALL/ImageServer/file?id=.\El_Mauro_Drone\25_08_26\CL_MLP_PAO_IF_Ortho_25_08_26_Linea_33_kV_NorteElMauro_Area5_5.tif&rasterId= | L103: CL | M103: MLP | N103: IF | O103: Ortho | P103: =TEXT(H103,"dd") -> 26 | Q103: =TEXT(H103,"MM") -> 08 | R103: =TEXT(H103,"YY") -> 25 | S103: El_Mauro_Drone | T103: 1 | U103: CL_MLP_PAO_IF_Ortho_ALL | V103: =RIGHT(D103,LEN(D103)-29) -> Linea_33_kV_NorteElMauro_Area5_5 | W103: =E103 -> Linea_33_kV_NorteElMauro_Area5_5 | X103: =V103=W103 -> TRUE | Y103: =VLOOKUP(D103,'Orden de Imagen'!$A$1:D246,4,FALSE()) -> 072 | Z103: =CONCATENATE(Y103,"_",R103,"_",Q103,"_",P103,"_",E103) -> 072_25_08_26_Linea_33_kV_NorteElMauro_Area5_5
A104: 105 | B104: 20250826_Linea_33_kV_NorteElMauro_Area6_6_01-Orthomosaic | C104: =CONCATENATE(L104,"_",M104,"_",G104,"_",N104,"_",O104,"_",R104,"_",Q104,"_",P104,"_",E104,".tif") -> CL_MLP_PAO_IF_Ortho_25_08_26_Linea_33_kV_NorteElMauro_Area6_6.tif | D104: =CONCATENATE(L104,"_",M104,"_",G104,"_",N104,"_",O104,"_",R104,"_",Q104,"_",P104,"_",E104) -> CL_MLP_PAO_IF_Ortho_25_08_26_Linea_33_kV_NorteElMauro_Area6_6 | E104: Linea_33_kV_NorteElMauro_Area6_6 | F104: DJI MATRICE 350 RTK | G104: PAO | H104: 45895.167 | I104: 45897 | J104: Activo | K104: =CONCATENATE("https://sig.aminerals.cl/imgdyn/rest/services/CL_MLP_PAO/",U104,"/","ImageServer/file?id=.\",S104,"\",R104,"_",Q104,"_",P104,"\",C104,"&rasterId=") -> https://sig.aminerals.cl/imgdyn/rest/services/CL_MLP_PAO/CL_MLP_PAO_IF_Ortho_ALL/ImageServer/file?id=.\El_Mauro_Drone\25_08_26\CL_MLP_PAO_IF_Ortho_25_08_26_Linea_33_kV_NorteElMauro_Area6_6.tif&rasterId= | L104: CL | M104: MLP | N104: IF | O104: Ortho | P104: =TEXT(H104,"dd") -> 26 | Q104: =TEXT(H104,"MM") -> 08 | R104: =TEXT(H104,"YY") -> 25 | S104: El_Mauro_Drone | T104: 1 | U104: CL_MLP_PAO_IF_Ortho_ALL | V104: =RIGHT(D104,LEN(D104)-29) -> Linea_33_kV_NorteElMauro_Area6_6 | W104: =E104 -> Linea_33_kV_NorteElMauro_Area6_6 | X104: =V104=W104 -> TRUE | Y104: =VLOOKUP(D104,'Orden de Imagen'!$A$1:D247,4,FALSE()) -> 073 | Z104: =CONCATENATE(Y104,"_",R104,"_",Q104,"_",P104,"_",E104) -> 073_25_08_26_Linea_33_kV_NorteElMauro_Area6_6
A105: 106 | B105: 20250827_Linea_33_kV_NorteElMauro_Area3_3_01-Orthomosaic | C105: =CONCATENATE(L105,"_",M105,"_",G105,"_",N105,"_",O105,"_",R105,"_",Q105,"_",P105,"_",E105,".tif") -> CL_MLP_PAO_IF_Ortho_25_08_28_Linea_33_kV_NorteElMauro_Area3_3.tif | D105: =CONCATENATE(L105,"_",M105,"_",G105,"_",N105,"_",O105,"_",R105,"_",Q105,"_",P105,"_",E105) -> CL_MLP_PAO_IF_Ortho_25_08_28_Linea_33_kV_NorteElMauro_Area3_3 | E105: Linea_33_kV_NorteElMauro_Area3_3 | F105: DJI MATRICE 350 RTK | G105: PAO | H105: 45897.167 | I105: 45897 | J105: Activo | K105: =CONCATENATE("https://sig.aminerals.cl/imgdyn/rest/services/CL_MLP_PAO/",U105,"/","ImageServer/file?id=.\",S105,"\",R105,"_",Q105,"_",P105,"\",C105,"&rasterId=") -> https://sig.aminerals.cl/imgdyn/rest/services/CL_MLP_PAO/CL_MLP_PAO_IF_Ortho_ALL/ImageServer/file?id=.\El_Mauro_Drone\25_08_28\CL_MLP_PAO_IF_Ortho_25_08_28_Linea_33_kV_NorteElMauro_Area3_3.tif&rasterId= | L105: CL | M105: MLP | N105: IF | O105: Ortho | P105: =TEXT(H105,"dd") -> 28 | Q105: =TEXT(H105,"MM") -> 08 | R105: =TEXT(H105,"YY") -> 25 | S105: El_Mauro_Drone | T105: 1 | U105: CL_MLP_PAO_IF_Ortho_ALL | V105: =RIGHT(D105,LEN(D105)-29) -> Linea_33_kV_NorteElMauro_Area3_3 | W105: =E105 -> Linea_33_kV_NorteElMauro_Area3_3 | X105: =V105=W105 -> TRUE | Y105: =VLOOKUP(D105,'Orden de Imagen'!$A$1:D248,4,FALSE()) -> 074 | Z105: =CONCATENATE(Y105,"_",R105,"_",Q105,"_",P105,"_",E105) -> 074_25_08_28_Linea_33_kV_NorteElMauro_Area3_3
A106: 107 | B106: 20250827_Linea_33_kV_NorteElMauro_Area4_4-Orthomosaic | C106: =CONCATENATE(L106,"_",M106,"_",G106,"_",N106,"_",O106,"_",R106,"_",Q106,"_",P106,"_",E106,".tiff") -> CL_MLP_PAO_IF_Ortho_25_08_28_Linea_33_kV_NorteElMauro_Area4_4.tiff | D106: =CONCATENATE(L106,"_",M106,"_",G106,"_",N106,"_",O106,"_",R106,"_",Q106,"_",P106,"_",E106) -> CL_MLP_PAO_IF_Ortho_25_08_28_Linea_33_kV_NorteElMauro_Area4_4 | E106: Linea_33_kV_NorteElMauro_Area4_4 | F106: DJI MATRICE 350 RTK | G106: PAO | H106: 45897.167 | I106: 45897 | J106: Activo | K106: =CONCATENATE("https://sig.aminerals.cl/imgdyn/rest/services/CL_MLP_PAO/",U106,"/","ImageServer/file?id=.\",S106,"\",R106,"_",Q106,"_",P106,"\",C106,"&rasterId=") -> https://sig.aminerals.cl/imgdyn/rest/services/CL_MLP_PAO/CL_MLP_PAO_IF_Ortho_ALL/ImageServer/file?id=.\El_Mauro_Drone\25_08_28\CL_MLP_PAO_IF_Ortho_25_08_28_Linea_33_kV_NorteElMauro_Area4_4.tiff&rasterId= | L106: CL | M106: MLP | N106: IF | O106: Ortho | P106: =TEXT(H106,"dd") -> 28 | Q106: =TEXT(H106,"MM") -> 08 | R106: =TEXT(H106,"YY") -> 25 | S106: El_Mauro_Drone | T106: 1 | U106: CL_MLP_PAO_IF_Ortho_ALL | V106: =RIGHT(D106,LEN(D106)-29) -> Linea_33_kV_NorteElMauro_Area4_4 | W106: =E106 -> Linea_33_kV_NorteElMauro_Area4_4 | X106: =V106=W106 -> TRUE | Y106: =VLOOKUP(D106,'Orden de Imagen'!$A$1:D249,4,FALSE()) -> 075 | Z106: =CONCATENATE(Y106,"_",R106,"_",Q106,"_",P106,"_",E106) -> 075_25_08_28_Linea_33_kV_NorteElMauro_Area4_4
A107: 108 | B107: 20250902_DME5C_DME_16_a_NSTC_79p4 | C107: =CONCATENATE(L107,"_",M107,"_",G107,"_",N107,"_",O107,"_",R107,"_",Q107,"_",P107,"_",E107,".tiff") -> CL_MLP_PAO_IF_Ortho_25_09_02_DME5C_DME_16_a_NSTC_79p4.tiff | D107: =CONCATENATE(L107,"_",M107,"_",G107,"_",N107,"_",O107,"_",R107,"_",Q107,"_",P107,"_",E107) -> CL_MLP_PAO_IF_Ortho_25_09_02_DME5C_DME_16_a_NSTC_79p4 | E107: DME5C_DME_16_a_NSTC_79p4 | F107: DJI MATRICE 350 RTK | G107: PAO | H107: 45902.167 | I107: 45897 | J107: Activo | K107: =CONCATENATE("https://sig.aminerals.cl/imgdyn/rest/services/CL_MLP_PAO/",U107,"/","ImageServer/file?id=.\",S107,"\",R107,"_",Q107,"_",P107,"\",C107,"&rasterId=") -> https://sig.aminerals.cl/imgdyn/rest/services/CL_MLP_PAO/CL_MLP_PAO_IF_Ortho_ALL/ImageServer/file?id=.\El_Mauro_Puerto_Punta_Chungo_Drone\25_09_02\CL_MLP_PAO_IF_Ortho_25_09_02_DME5C_DME_16_a_NSTC_79p4.tiff&rasterId= | L107: CL | M107: MLP | N107: IF | O107: Ortho | P107: =TEXT(H107,"dd") -> 02 | Q107: =TEXT(H107,"MM") -> 09 | R107: =TEXT(H107,"YY") -> 25 | S107: El_Mauro_Puerto_Punta_Chungo_Drone | T107: 1 | U107: CL_MLP_PAO_IF_Ortho_ALL | V107: =RIGHT(D107,LEN(D107)-29) -> DME5C_DME_16_a_NSTC_79p4 | W107: =E107 -> DME5C_DME_16_a_NSTC_79p4 | X107: =V107=W107 -> TRUE | Y107: =VLOOKUP(D107,'Orden de Imagen'!$A$1:D250,4,FALSE()) -> 076 | Z107: =CONCATENATE(Y107,"_",R107,"_",Q107,"_",P107,"_",E107) -> 076_25_09_02_DME5C_DME_16_a_NSTC_79p4
A108: 109 | B108: 20250902_Instalacion_FaenaN15_Alrededores_Tipay (2) | C108: =CONCATENATE(L108,"_",M108,"_",G108,"_",N108,"_",O108,"_",R108,"_",Q108,"_",P108,"_",E108,".tiff") -> CL_MLP_PAO_IF_Ortho_25_09_02_Instalacion_FaenaN15_Alrededores_Tipay_2.tiff | D108: =CONCATENATE(L108,"_",M108,"_",G108,"_",N108,"_",O108,"_",R108,"_",Q108,"_",P108,"_",E108) -> CL_MLP_PAO_IF_Ortho_25_09_02_Instalacion_FaenaN15_Alrededores_Tipay_2 | E108: Instalacion_FaenaN15_Alrededores_Tipay_2 | F108: DJI MATRICE 350 RTK | G108: PAO | H108: 45902.167 | I108: 45897 | J108: Activo | K108: =CONCATENATE("https://sig.aminerals.cl/imgdyn/rest/services/CL_MLP_PAO/",U108,"/","ImageServer/file?id=.\",S108,"\",R108,"_",Q108,"_",P108,"\",C108,"&rasterId=") -> https://sig.aminerals.cl/imgdyn/rest/services/CL_MLP_PAO/CL_MLP_PAO_IF_Ortho_ALL/ImageServer/file?id=.\El_Mauro_Puerto_Punta_Chungo_Drone\25_09_02\CL_MLP_PAO_IF_Ortho_25_09_02_Instalacion_FaenaN15_Alrededores_Tipay_2.tiff&rasterId= | L108: CL | M108: MLP | N108: IF | O108: Ortho | P108: =TEXT(H108,"dd") -> 02 | Q108: =TEXT(H108,"MM") -> 09 | R108: =TEXT(H108,"YY") -> 25 | S108: El_Mauro_Puerto_Punta_Chungo_Drone | T108: 1 | U108: CL_MLP_PAO_IF_Ortho_ALL | V108: =RIGHT(D108,LEN(D108)-29) -> Instalacion_FaenaN15_Alrededores_Tipay_2 | W108: =E108 -> Instalacion_FaenaN15_Alrededores_Tipay_2 | X108: =V108=W108 -> TRUE | Y108: =VLOOKUP(D108,'Orden de Imagen'!$A$1:D251,4,FALSE()) -> 077 | Z108: =CONCATENATE(Y108,"_",R108,"_",Q108,"_",P108,"_",E108) -> 077_25_09_02_Instalacion_FaenaN15_Alrededores_Tipay_2
A109: 110 | B109: 20250903_EstructuraTranquilla_NSTC_Km_20_a_21-Orthomosaic | C109: =CONCATENATE(L109,"_",M109,"_",G109,"_",N109,"_",O109,"_",R109,"_",Q109,"_",P109,"_",E109,".tiff") -> CL_MLP_PAO_IF_Ortho_25_09_03_EstructuraTranquilla_NSTC_Km_20_a_21.tiff | D109: =CONCATENATE(L109,"_",M109,"_",G109,"_",N109,"_",O109,"_",R109,"_",Q109,"_",P109,"_",E109) -> CL_MLP_PAO_IF_Ortho_25_09_03_EstructuraTranquilla_NSTC_Km_20_a_21 | E109: EstructuraTranquilla_NSTC_Km_20_a_21 | F109: DJI MATRICE 350 RTK | G109: PAO | H109: 45903.167 | I109: 45904 | J109: Activo | K109: =CONCATENATE("https://sig.aminerals.cl/imgdyn/rest/services/CL_MLP_PAO/",U109,"/","ImageServer/file?id=.\",S109,"\",R109,"_",Q109,"_",P109,"\",C109,"&rasterId=") -> https://sig.aminerals.cl/imgdyn/rest/services/CL_MLP_PAO/CL_MLP_PAO_IF_Ortho_ALL/ImageServer/file?id=.\Chacay_El_Mauro_Drone\25_09_03\CL_MLP_PAO_IF_Ortho_25_09_03_EstructuraTranquilla_NSTC_Km_20_a_21.tiff&rasterId= | L109: CL | M109: MLP | N109: IF | O109: Ortho | P109: =TEXT(H109,"dd") -> 03 | Q109: =TEXT(H109,"MM") -> 09 | R109: =TEXT(H109,"YY") -> 25 | S109: Chacay_El_Mauro_Drone | T109: 1 | U109: CL_MLP_PAO_IF_Ortho_ALL | V109: =RIGHT(D109,LEN(D109)-29) -> EstructuraTranquilla_NSTC_Km_20_a_21 | W109: =E109 -> EstructuraTranquilla_NSTC_Km_20_a_21 | X109: =V109=W109 -> TRUE | Y109: =VLOOKUP(D109,'Orden de Imagen'!$A$1:D252,4,FALSE()) -> 078 | Z109: =CONCATENATE(Y109,"_",R109,"_",Q109,"_",P109,"_",E109) -> 078_25_09_03_EstructuraTranquilla_NSTC_Km_20_a_21
A110: 111 | B110: 20250903_NSTC_Km_21_a_22_DME5-Orthomosaic | C110: =CONCATENATE(L110,"_",M110,"_",G110,"_",N110,"_",O110,"_",R110,"_",Q110,"_",P110,"_",E110,".tiff") -> CL_MLP_PAO_IF_Ortho_25_09_03_NSTC_Km_21_a_22_DME5.tiff | D110: =CONCATENATE(L110,"_",M110,"_",G110,"_",N110,"_",O110,"_",R110,"_",Q110,"_",P110,"_",E110) -> CL_MLP_PAO_IF_Ortho_25_09_03_NSTC_Km_21_a_22_DME5 | E110: NSTC_Km_21_a_22_DME5 | F110: DJI MATRICE 350 RTK | G110: PAO | H110: 45903.167 | I110: 45904 | J110: Activo | K110: =CONCATENATE("https://sig.aminerals.cl/imgdyn/rest/services/CL_MLP_PAO/",U110,"/","ImageServer/file?id=.\",S110,"\",R110,"_",Q110,"_",P110,"\",C110,"&rasterId=") -> https://sig.aminerals.cl/imgdyn/rest/services/CL_MLP_PAO/CL_MLP_PAO_IF_Ortho_ALL/ImageServer/file?id=.\Chacay_El_Mauro_Drone\25_09_03\CL_MLP_PAO_IF_Ortho_25_09_03_NSTC_Km_21_a_22_DME5.tiff&rasterId= | L110: CL | M110: MLP | N110: IF | O110: Ortho | P110: =TEXT(H110,"dd") -> 03 | Q110: =TEXT(H110,"MM") -> 09 | R110: =TEXT(H110,"YY") -> 25 | S110: Chacay_El_Mauro_Drone | T110: 1 | U110: CL_MLP_PAO_IF_Ortho_ALL | V110: =RIGHT(D110,LEN(D110)-29) -> NSTC_Km_21_a_22_DME5 | W110: =E110 -> NSTC_Km_21_a_22_DME5 | X110: =V110=W110 -> TRUE | Y110: =VLOOKUP(D110,'Orden de Imagen'!$A$1:D253,4,FALSE()) -> 079 | Z110: =CONCATENATE(Y110,"_",R110,"_",Q110,"_",P110,"_",E110) -> 079_25_09_03_NSTC_Km_21_a_22_DME5
A111: 112 | B111: 20250903_Tranquilla_NSTC_Km_18_a_19-Orthomosaic | C111: =CONCATENATE(L111,"_",M111,"_",G111,"_",N111,"_",O111,"_",R111,"_",Q111,"_",P111,"_",E111,".tiff") -> CL_MLP_PAO_IF_Ortho_25_09_03_Tranquilla_NSTC_Km_18_a_19.tiff | D111: =CONCATENATE(L111,"_",M111,"_",G111,"_",N111,"_",O111,"_",R111,"_",Q111,"_",P111,"_",E111) -> CL_MLP_PAO_IF_Ortho_25_09_03_Tranquilla_NSTC_Km_18_a_19 | E111: Tranquilla_NSTC_Km_18_a_19 | F111: DJI MATRICE 350 RTK | G111: PAO | H111: 45903.167 | I111: 45904 | J111: Activo | K111: =CONCATENATE("https://sig.aminerals.cl/imgdyn/rest/services/CL_MLP_PAO/",U111,"/","ImageServer/file?id=.\",S111,"\",R111,"_",Q111,"_",P111,"\",C111,"&rasterId=") -> https://sig.aminerals.cl/imgdyn/rest/services/CL_MLP_PAO/CL_MLP_PAO_IF_Ortho_ALL/ImageServer/file?id=.\Chacay_El_Mauro_Drone\25_09_03\CL_MLP_PAO_IF_Ortho_25_09_03_Tranquilla_NSTC_Km_18_a_19.tiff&rasterId= | L111: CL | M111: MLP | N111: IF | O111: Ortho | P111: =TEXT(H111,"dd") -> 03 | Q111: =TEXT(H111,"MM") -> 09 | R111: =TEXT(H111,"YY") -> 25 | S111: Chacay_El_Mauro_Drone | T111: 1 | U111: CL_MLP_PAO_IF_Ortho_ALL | V111: =RIGHT(D111,LEN(D111)-29) -> Tranquilla_NSTC_Km_18_a_19 | W111: =E111 -> Tranquilla_NSTC_Km_18_a_19 | X111: =V111=W111 -> TRUE | Y111: =VLOOKUP(D111,'Orden de Imagen'!$A$1:D254,4,FALSE()) -> 080 | Z111: =CONCATENATE(Y111,"_",R111,"_",Q111,"_",P111,"_",E111) -> 080_25_09_03_Tranquilla_NSTC_Km_18_a_19
A112: 113 | B112: 20250903_Tranquilla_NSTC_Km_19_a_20-Orthomosaic | C112: =CONCATENATE(L112,"_",M112,"_",G112,"_",N112,"_",O112,"_",R112,"_",Q112,"_",P112,"_",E112,".tiff") -> CL_MLP_PAO_IF_Ortho_25_09_03_Tranquilla_NSTC_Km_19_a_20.tiff | D112: =CONCATENATE(L112,"_",M112,"_",G112,"_",N112,"_",O112,"_",R112,"_",Q112,"_",P112,"_",E112) -> CL_MLP_PAO_IF_Ortho_25_09_03_Tranquilla_NSTC_Km_19_a_20 | E112: Tranquilla_NSTC_Km_19_a_20 | F112: DJI MATRICE 350 RTK | G112: PAO | H112: 45903.167 | I112: 45904 | J112: Activo | K112: =CONCATENATE("https://sig.aminerals.cl/imgdyn/rest/services/CL_MLP_PAO/",U112,"/","ImageServer/file?id=.\",S112,"\",R112,"_",Q112,"_",P112,"\",C112,"&rasterId=") -> https://sig.aminerals.cl/imgdyn/rest/services/CL_MLP_PAO/CL_MLP_PAO_IF_Ortho_ALL/ImageServer/file?id=.\Chacay_El_Mauro_Drone\25_09_03\CL_MLP_PAO_IF_Ortho_25_09_03_Tranquilla_NSTC_Km_19_a_20.tiff&rasterId= | L112: CL | M112: MLP | N112: IF | O112: Ortho | P112: =TEXT(H112,"dd") -> 03 | Q112: =TEXT(H112,"MM") -> 09 | R112: =TEXT(H112,"YY") -> 25 | S112: Chacay_El_Mauro_Drone | T112: 1 | U112: CL_MLP_PAO_IF_Ortho_ALL | V112: =RIGHT(D112,LEN(D112)-29) -> Tranquilla_NSTC_Km_19_a_20 | W112: =E112 -> Tranquilla_NSTC_Km_19_a_20 | X112: =V112=W112 -> TRUE | Y112: =VLOOKUP(D112,'Orden de Imagen'!$A$1:D255,4,FALSE()) -> 081 | Z112: =CONCATENATE(Y112,"_",R112,"_",Q112,"_",P112,"_",E112) -> 081_25_09_03_Tranquilla_NSTC_Km_19_a_20
A113: 114 | B113: 20250909_NSTC_Km_112_a_113-Orthomosaic | C113: =CONCATENATE(L113,"_",M113,"_",G113,"_",N113,"_",O113,"_",R113,"_",Q113,"_",P113,"_",E113,".tiff") -> CL_MLP_PAO_IF_Ortho_25_09_09_NSTC_Km_112_a_113.tiff | D113: =CONCATENATE(L113,"_",M113,"_",G113,"_",N113,"_",O113,"_",R113,"_",Q113,"_",P113,"_",E113) -> CL_MLP_PAO_IF_Ortho_25_09_09_NSTC_Km_112_a_113 | E113: NSTC_Km_112_a_113 | F113: DJI MATRICE 350 RTK | G113: PAO | H113: 45909.167 | I113: 45911 | J113: Activo | K113: =CONCATENATE("https://sig.aminerals.cl/imgdyn/rest/services/CL_MLP_PAO/",U113,"/","ImageServer/file?id=.\",S113,"\",R113,"_",Q113,"_",P113,"\",C113,"&rasterId=") -> https://sig.aminerals.cl/imgdyn/rest/services/CL_MLP_PAO/CL_MLP_PAO_IF_Ortho_ALL/ImageServer/file?id=.\El_Mauro_Puerto_Punta_Chungo_Drone\25_09_09\CL_MLP_PAO_IF_Ortho_25_09_09_NSTC_Km_112_a_113.tiff&rasterId= | L113: CL | M113: MLP | N113: IF | O113: Ortho | P113: =TEXT(H113,"dd") -> 09 | Q113: =TEXT(H113,"MM") -> 09 | R113: =TEXT(H113,"YY") -> 25 | S113: El_Mauro_Puerto_Punta_Chungo_Drone | T113: 1 | U113: CL_MLP_PAO_IF_Ortho_ALL | V113: =RIGHT(D113,LEN(D113)-29) -> NSTC_Km_112_a_113 | W113: =E113 -> NSTC_Km_112_a_113 | X113: =V113=W113 -> TRUE | Y113: =VLOOKUP(D113,'Orden de Imagen'!$A$1:D256,4,FALSE()) -> 082 | Z113: =CONCATENATE(Y113,"_",R113,"_",Q113,"_",P113,"_",E113) -> 082_25_09_09_NSTC_Km_112_a_113
A114: 115 | B114: 20250909_NSTC_Km_113_a_114-Orthomosaic | C114: =CONCATENATE(L114,"_",M114,"_",G114,"_",N114,"_",O114,"_",R114,"_",Q114,"_",P114,"_",E114,".tiff") -> CL_MLP_PAO_IF_Ortho_25_09_09_NSTC_Km_113_a_114.tiff | D114: =CONCATENATE(L114,"_",M114,"_",G114,"_",N114,"_",O114,"_",R114,"_",Q114,"_",P114,"_",E114) -> CL_MLP_PAO_IF_Ortho_25_09_09_NSTC_Km_113_a_114 | E114: NSTC_Km_113_a_114 | F114: DJI MATRICE 350 RTK | G114: PAO | H114: 45909.167 | I114: 45911 | J114: Activo | K114: =CONCATENATE("https://sig.aminerals.cl/imgdyn/rest/services/CL_MLP_PAO/",U114,"/","ImageServer/file?id=.\",S114,"\",R114,"_",Q114,"_",P114,"\",C114,"&rasterId=") -> https://sig.aminerals.cl/imgdyn/rest/services/CL_MLP_PAO/CL_MLP_PAO_IF_Ortho_ALL/ImageServer/file?id=.\El_Mauro_Puerto_Punta_Chungo_Drone\25_09_09\CL_MLP_PAO_IF_Ortho_25_09_09_NSTC_Km_113_a_114.tiff&rasterId= | L114: CL | M114: MLP | N114: IF | O114: Ortho | P114: =TEXT(H114,"dd") -> 09 | Q114: =TEXT(H114,"MM") -> 09 | R114: =TEXT(H114,"YY") -> 25 | S114: El_Mauro_Puerto_Punta_Chungo_Drone | T114: 1 | U114: CL_MLP_PAO_IF_Ortho_ALL | V114: =RIGHT(D114,LEN(D114)-29) -> NSTC_Km_113_a_114 | W114: =E114 -> NSTC_Km_113_a_114 | X114: =V114=W114 -> TRUE | Y114: =VLOOKUP(D114,'Orden de Imagen'!$A$1:D257,4,FALSE()) -> 083 | Z114: =CONCATENATE(Y114,"_",R114,"_",Q114,"_",P114,"_",E114) -> 083_25_09_09_NSTC_Km_113_a_114
A115: 116 | B115: 20250909_NSTC_Km_114_a_115-Orthomosaic | C115: =CONCATENATE(L115,"_",M115,"_",G115,"_",N115,"_",O115,"_",R115,"_",Q115,"_",P115,"_",E115,".tiff") -> CL_MLP_PAO_IF_Ortho_25_09_09_NSTC_Km_114_a_115.tiff | D115: =CONCATENATE(L115,"_",M115,"_",G115,"_",N115,"_",O115,"_",R115,"_",Q115,"_",P115,"_",E115) -> CL_MLP_PAO_IF_Ortho_25_09_09_NSTC_Km_114_a_115 | E115: NSTC_Km_114_a_115 | F115: DJI MATRICE 350 RTK | G115: PAO | H115: 45909.167 | I115: 45911 | J115: Activo | K115: =CONCATENATE("https://sig.aminerals.cl/imgdyn/rest/services/CL_MLP_PAO/",U115,"/","ImageServer/file?id=.\",S115,"\",R115,"_",Q115,"_",P115,"\",C115,"&rasterId=") -> https://sig.aminerals.cl/imgdyn/rest/services/CL_MLP_PAO/CL_MLP_PAO_IF_Ortho_ALL/ImageServer/file?id=.\El_Mauro_Puerto_Punta_Chungo_Drone\25_09_09\CL_MLP_PAO_IF_Ortho_25_09_09_NSTC_Km_114_a_115.tiff&rasterId= | L115: CL | M115: MLP | N115: IF | O115: Ortho | P115: =TEXT(H115,"dd") -> 09 | Q115: =TEXT(H115,"MM") -> 09 | R115: =TEXT(H115,"YY") -> 25 | S115: El_Mauro_Puerto_Punta_Chungo_Drone | T115: 1 | U115: CL_MLP_PAO_IF_Ortho_ALL | V115: =RIGHT(D115,LEN(D115)-29) -> NSTC_Km_114_a_115 | W115: =E115 -> NSTC_Km_114_a_115 | X115: =V115=W115 -> TRUE | Y115: =VLOOKUP(D115,'Orden de Imagen'!$A$1:D258,4,FALSE()) -> 084 | Z115: =CONCATENATE(Y115,"_",R115,"_",Q115,"_",P115,"_",E115) -> 084_25_09_09_NSTC_Km_114_a_115
A116: 117 | B116: 20250909_NSTC_Km_115_a_116p4-Orthomosaic | C116: =CONCATENATE(L116,"_",M116,"_",G116,"_",N116,"_",O116,"_",R116,"_",Q116,"_",P116,"_",E116,".tiff") -> CL_MLP_PAO_IF_Ortho_25_09_09_NSTC_Km_115_a_116p4.tiff | D116: =CONCATENATE(L116,"_",M116,"_",G116,"_",N116,"_",O116,"_",R116,"_",Q116,"_",P116,"_",E116) -> CL_MLP_PAO_IF_Ortho_25_09_09_NSTC_Km_115_a_116p4 | E116: NSTC_Km_115_a_116p4 | F116: DJI MATRICE 350 RTK | G116: PAO | H116: 45909.167 | I116: 45911 | J116: Activo | K116: =CONCATENATE("https://sig.aminerals.cl/imgdyn/rest/services/CL_MLP_PAO/",U116,"/","ImageServer/file?id=.\",S116,"\",R116,"_",Q116,"_",P116,"\",C116,"&rasterId=") -> https://sig.aminerals.cl/imgdyn/rest/services/CL_MLP_PAO/CL_MLP_PAO_IF_Ortho_ALL/ImageServer/file?id=.\El_Mauro_Puerto_Punta_Chungo_Drone\25_09_09\CL_MLP_PAO_IF_Ortho_25_09_09_NSTC_Km_115_a_116p4.tiff&rasterId= | L116: CL | M116: MLP | N116: IF | O116: Ortho | P116: =TEXT(H116,"dd") -> 09 | Q116: =TEXT(H116,"MM") -> 09 | R116: =TEXT(H116,"YY") -> 25 | S116: El_Mauro_Puerto_Punta_Chungo_Drone | T116: 1 | U116: CL_MLP_PAO_IF_Ortho_ALL | V116: =RIGHT(D116,LEN(D116)-29) -> NSTC_Km_115_a_116p4 | W116: =E116 -> NSTC_Km_115_a_116p4 | X116: =V116=W116 -> TRUE | Y116: =VLOOKUP(D116,'Orden de Imagen'!$A$1:D259,4,FALSE()) -> 085 | Z116: =CONCATENATE(Y116,"_",R116,"_",Q116,"_",P116,"_",E116) -> 085_25_09_09_NSTC_Km_115_a_116p4
A117: 118 | B117: 20250910_Area_Mauro_H-Orthomosaic | C117: =CONCATENATE(L117,"_",M117,"_",G117,"_",N117,"_",O117,"_",R117,"_",Q117,"_",P117,"_",E117,".tiff") -> CL_MLP_PAO_IF_Ortho_25_09_10_Area_Mauro_H.tiff | D117: =CONCATENATE(L117,"_",M117,"_",G117,"_",N117,"_",O117,"_",R117,"_",Q117,"_",P117,"_",E117) -> CL_MLP_PAO_IF_Ortho_25_09_10_Area_Mauro_H | E117: Area_Mauro_H | F117: DJI MATRICE 350 RTK | G117: PAO | H117: 45910.167 | I117: 45911 | J117: Activo | K117: =CONCATENATE("https://sig.aminerals.cl/imgdyn/rest/services/CL_MLP_PAO/",U117,"/","ImageServer/file?id=.\",S117,"\",R117,"_",Q117,"_",P117,"\",C117,"&rasterId=") -> https://sig.aminerals.cl/imgdyn/rest/services/CL_MLP_PAO/CL_MLP_PAO_IF_Ortho_ALL/ImageServer/file?id=.\El_Mauro_Drone\25_09_10\CL_MLP_PAO_IF_Ortho_25_09_10_Area_Mauro_H.tiff&rasterId= | L117: CL | M117: MLP | N117: IF | O117: Ortho | P117: =TEXT(H117,"dd") -> 10 | Q117: =TEXT(H117,"MM") -> 09 | R117: =TEXT(H117,"YY") -> 25 | S117: El_Mauro_Drone | T117: 1 | U117: CL_MLP_PAO_IF_Ortho_ALL | V117: =RIGHT(D117,LEN(D117)-29) -> Area_Mauro_H | W117: =E117 -> Area_Mauro_H | X117: =V117=W117 -> TRUE | Y117: =VLOOKUP(D117,'Orden de Imagen'!$A$1:D260,4,FALSE()) -> 086 | Z117: =CONCATENATE(Y117,"_",R117,"_",Q117,"_",P117,"_",E117) -> 086_25_09_10_Area_Mauro_H
... A172: 173 | B172: 20251203_Linea-33-kV-NorteElMauro-Area6_02-Orthomosaic.tiff | C172: =CONCATENATE(L172,"_",M172,"_",G172,"_",N172,"_",O172,"_",R172,"_",Q172,"_",P172,"_",E172,".tiff") -> CL_MLP_PAO_IF_Ortho_25_12_03_Linea-33-kV-NorteElMauro-Area6_02.tiff | D172: =CONCATENATE(L172,"_",M172,"_",G172,"_",N172,"_",O172,"_",R172,"_",Q172,"_",P172,"_",E172) -> CL_MLP_PAO_IF_Ortho_25_12_03_Linea-33-kV-NorteElMauro-Area6_02 | E172: Linea-33-kV-NorteElMauro-Area6_02 | F172: DJI MATRICE 350 RTK | G172: PAO | H172: 45994.167 | I172: 46000 | J172: Activo | K172: =CONCATENATE("https://sig.aminerals.cl/imgdyn/rest/services/CL_MLP_PAO/",U172,"/","ImageServer/file?id=.\",S172,"\",R172,"_",Q172,"_",P172,"\",C172,"&rasterId=") -> https://sig.aminerals.cl/imgdyn/rest/services/CL_MLP_PAO/CL_MLP_PAO_IF_Ortho_ALL/ImageServer/file?id=.\El_Mauro_Drone\25_12_03\CL_MLP_PAO_IF_Ortho_25_12_03_Linea-33-kV-NorteElMauro-Area6_02.tiff&rasterId= | L172: CL | M172: MLP | N172: IF | O172: Ortho | P172: =TEXT(H172,"dd") -> 03 | Q172: =TEXT(H172,"MM") -> 12 | R172: =TEXT(H172,"YY") -> 25 | S172: El_Mauro_Drone | T172: 1 | U172: CL_MLP_PAO_IF_Ortho_ALL | V172: =RIGHT(D172,LEN(D172)-29) -> Linea-33-kV-NorteElMauro-Area6_02 | W172: =E172 -> Linea-33-kV-NorteElMauro-Area6_02 | X172: =V172=W172 -> TRUE | Y172: =VLOOKUP(D172,'Orden de Imagen'!$A$1:D315,4,FALSE()) -> 142 | Z172: =CONCATENATE(Y172,"_",R172,"_",Q172,"_",P172,"_",E172) -> 142_25_12_03_Linea-33-kV-NorteElMauro-Area6_02
A173: 174 | B173: GS_PLATAFORMA INTEGRADA COMPLETA 19-12-2025.tif | C173: =CONCATENATE(L173,"_",M173,"_",G173,"_",N173,"_",O173,"_",R173,"_",Q173,"_",P173,"_",E173,".tif") -> CL_MLP_PAO_IF_Ortho_25_12_19_Plataforma_Integrada_El_Mauro.tif | D173: =CONCATENATE(L173,"_",M173,"_",G173,"_",N173,"_",O173,"_",R173,"_",Q173,"_",P173,"_",E173) -> CL_MLP_PAO_IF_Ortho_25_12_19_Plataforma_Integrada_El_Mauro | E173: Plataforma_Integrada_El_Mauro | F173: DJI MAVIC 3 ENTERPRISE | G173: PAO | H173: 46010 | I173: 46091 | J173: Activo | K173: =CONCATENATE("https://sig.aminerals.cl/imgdyn/rest/services/CL_MLP_PAO/",U173,"/","ImageServer/file?id=.\",S173,"\",R173,"_",Q173,"_",P173,"\",C173,"&rasterId=") -> https://sig.aminerals.cl/imgdyn/rest/services/CL_MLP_PAO/CL_MLP_PAO_IF_Ortho_Geosupport/ImageServer/file?id=.\El_Mauro_Drone\25_12_19\CL_MLP_PAO_IF_Ortho_25_12_19_Plataforma_Integrada_El_Mauro.tif&rasterId= | L173: CL | M173: MLP | N173: IF | O173: Ortho | P173: =TEXT(H173,"dd") -> 19 | Q173: =TEXT(H173,"MM") -> 12 | R173: =TEXT(H173,"YY") -> 25 | S173: El_Mauro_Drone | T173: 1 | U173: CL_MLP_PAO_IF_Ortho_Geosupport | V173: =RIGHT(D173,LEN(D173)-29) -> Plataforma_Integrada_El_Mauro | W173: =E173 -> Plataforma_Integrada_El_Mauro | X173: =V173=W173 -> TRUE | Y173: =VLOOKUP(D173,'Orden de Imagen'!$A$1:D316,4,FALSE()) -> 143 | Z173: =CONCATENATE(Y173,"_",R173,"_",Q173,"_",P173,"_",E173) -> 143_25_12_19_Plataforma_Integrada_El_Mauro
A174: 175 | B174: GS_ORTOFOTO PLATAFORMA 26-12-2025.tif | C174: =CONCATENATE(L174,"_",M174,"_",G174,"_",N174,"_",O174,"_",R174,"_",Q174,"_",P174,"_",E174,".tif") -> CL_MLP_PAO_IF_Ortho_25_12_26_Plataforma_Integrada_El_Mauro.tif | D174: =CONCATENATE(L174,"_",M174,"_",G174,"_",N174,"_",O174,"_",R174,"_",Q174,"_",P174,"_",E174) -> CL_MLP_PAO_IF_Ortho_25_12_26_Plataforma_Integrada_El_Mauro | E174: Plataforma_Integrada_El_Mauro | F174: DJI MAVIC 3 ENTERPRISE | G174: PAO | H174: 46017 | I174: 46091 | J174: Activo | K174: =CONCATENATE("https://sig.aminerals.cl/imgdyn/rest/services/CL_MLP_PAO/",U174,"/","ImageServer/file?id=.\",S174,"\",R174,"_",Q174,"_",P174,"\",C174,"&rasterId=") -> https://sig.aminerals.cl/imgdyn/rest/services/CL_MLP_PAO/CL_MLP_PAO_IF_Ortho_Geosupport/ImageServer/file?id=.\El_Mauro_Drone\25_12_26\CL_MLP_PAO_IF_Ortho_25_12_26_Plataforma_Integrada_El_Mauro.tif&rasterId= | L174: CL | M174: MLP | N174: IF | O174: Ortho | P174: =TEXT(H174,"dd") -> 26 | Q174: =TEXT(H174,"MM") -> 12 | R174: =TEXT(H174,"YY") -> 25 | S174: El_Mauro_Drone | T174: 1 | U174: CL_MLP_PAO_IF_Ortho_Geosupport | V174: =RIGHT(D174,LEN(D174)-29) -> Plataforma_Integrada_El_Mauro | W174: =E174 -> Plataforma_Integrada_El_Mauro | X174: =V174=W174 -> TRUE | Y174: =VLOOKUP(D174,'Orden de Imagen'!$A$1:D317,4,FALSE()) -> 144 | Z174: =CONCATENATE(Y174,"_",R174,"_",Q174,"_",P174,"_",E174) -> 144_25_12_26_Plataforma_Integrada_El_Mauro
A175: 176 | B175: GS_ORTOFOTO PLATAFORMA INTEGRADA 02-01-2026.tif | C175: =CONCATENATE(L175,"_",M175,"_",G175,"_",N175,"_",O175,"_",R175,"_",Q175,"_",P175,"_",E175,".tif") -> CL_MLP_PAO_IF_Ortho_26_01_02_Plataforma_Integrada_El_Mauro.tif | D175: =CONCATENATE(L175,"_",M175,"_",G175,"_",N175,"_",O175,"_",R175,"_",Q175,"_",P175,"_",E175) -> CL_MLP_PAO_IF_Ortho_26_01_02_Plataforma_Integrada_El_Mauro | E175: Plataforma_Integrada_El_Mauro | F175: DJI MAVIC 3 ENTERPRISE | G175: PAO | H175: 46024 | I175: 46091 | J175: Activo | K175: =CONCATENATE("https://sig.aminerals.cl/imgdyn/rest/services/CL_MLP_PAO/",U175,"/","ImageServer/file?id=.\",S175,"\",R175,"_",Q175,"_",P175,"\",C175,"&rasterId=") -> https://sig.aminerals.cl/imgdyn/rest/services/CL_MLP_PAO/CL_MLP_PAO_IF_Ortho_Geosupport/ImageServer/file?id=.\El_Mauro_Drone\26_01_02\CL_MLP_PAO_IF_Ortho_26_01_02_Plataforma_Integrada_El_Mauro.tif&rasterId= | L175: CL | M175: MLP | N175: IF | O175: Ortho | P175: =TEXT(H175,"dd") -> 02 | Q175: =TEXT(H175,"MM") -> 01 | R175: =TEXT(H175,"YY") -> 26 | S175: El_Mauro_Drone | T175: 1 | U175: CL_MLP_PAO_IF_Ortho_Geosupport | V175: =RIGHT(D175,LEN(D175)-29) -> Plataforma_Integrada_El_Mauro | W175: =E175 -> Plataforma_Integrada_El_Mauro | X175: =V175=W175 -> TRUE | Y175: =VLOOKUP(D175,'Orden de Imagen'!$A$1:D318,4,FALSE()) -> 145 | Z175: =CONCATENATE(Y175,"_",R175,"_",Q175,"_",P175,"_",E175) -> 145_26_01_02_Plataforma_Integrada_El_Mauro
A176: 177 | B176: GS_ORTOFOTO_TORRES E85-E125.tif | C176: =CONCATENATE(L176,"_",M176,"_",G176,"_",N176,"_",O176,"_",R176,"_",Q176,"_",P176,"_",E176,".tif") -> CL_MLP_PAO_IF_Ortho_26_01_03_DME5A-DME17-a-NSTC-78p9.tif | D176: =CONCATENATE(L176,"_",M176,"_",G176,"_",N176,"_",O176,"_",R176,"_",Q176,"_",P176,"_",E176) -> CL_MLP_PAO_IF_Ortho_26_01_03_DME5A-DME17-a-NSTC-78p9 | E176: DME5A-DME17-a-NSTC-78p9 | F176: DJI MAVIC 3 ENTERPRISE | G176: PAO | H176: 46025.167 | I176: 46050 | J176: Activo | K176: =CONCATENATE("https://sig.aminerals.cl/imgdyn/rest/services/CL_MLP_PAO/",U176,"/","ImageServer/file?id=.\",S176,"\",R176,"_",Q176,"_",P176,"\",C176,"&rasterId=") -> https://sig.aminerals.cl/imgdyn/rest/services/CL_MLP_PAO/CL_MLP_PAO_IF_Ortho_Geosupport/ImageServer/file?id=.\El_Mauro_Puerto_Punta_Chungo_Drone\26_01_03\CL_MLP_PAO_IF_Ortho_26_01_03_DME5A-DME17-a-NSTC-78p9.tif&rasterId= | L176: CL | M176: MLP | N176: IF | O176: Ortho | P176: =TEXT(H176,"dd") -> 03 | Q176: =TEXT(H176,"MM") -> 01 | R176: =TEXT(H176,"YY") -> 26 | S176: El_Mauro_Puerto_Punta_Chungo_Drone | T176: 1 | U176: CL_MLP_PAO_IF_Ortho_Geosupport | V176: =RIGHT(D176,LEN(D176)-29) -> DME5A-DME17-a-NSTC-78p9 | W176: =E176 -> DME5A-DME17-a-NSTC-78p9 | X176: =V176=W176 -> TRUE | Y176: =VLOOKUP(D176,'Orden de Imagen'!$A$1:D319,4,FALSE()) -> 146 | Z176: =CONCATENATE(Y176,"_",R176,"_",Q176,"_",P176,"_",E176) -> 146_26_01_03_DME5A-DME17-a-NSTC-78p9
A177: 178 | B177: GS_ORTOFOTO_EV2_040126.tif | C177: =CONCATENATE(L177,"_",M177,"_",G177,"_",N177,"_",O177,"_",R177,"_",Q177,"_",P177,"_",E177,".tiff") -> CL_MLP_PAO_IF_Ortho_26_01_04_EV2.tiff | D177: =CONCATENATE(L177,"_",M177,"_",G177,"_",N177,"_",O177,"_",R177,"_",Q177,"_",P177,"_",E177) -> CL_MLP_PAO_IF_Ortho_26_01_04_EV2 | E177: EV2 | F177: DJI MAVIC 3 ENTERPRISE | G177: PAO | H177: 46026.167 | I177: 46043 | J177: Activo | K177: =CONCATENATE("https://sig.aminerals.cl/imgdyn/rest/services/CL_MLP_PAO/",U177,"/","ImageServer/file?id=.\",S177,"\",R177,"_",Q177,"_",P177,"\",C177,"&rasterId=") -> https://sig.aminerals.cl/imgdyn/rest/services/CL_MLP_PAO/CL_MLP_PAO_IF_Ortho_Geosupport/ImageServer/file?id=.\El_Mauro_Puerto_Punta_Chungo_Drone\26_01_04\CL_MLP_PAO_IF_Ortho_26_01_04_EV2.tiff&rasterId= | L177: CL | M177: MLP | N177: IF | O177: Ortho | P177: =TEXT(H177,"dd") -> 04 | Q177: =TEXT(H177,"MM") -> 01 | R177: =TEXT(H177,"YY") -> 26 | S177: El_Mauro_Puerto_Punta_Chungo_Drone | T177: 1 | U177: CL_MLP_PAO_IF_Ortho_Geosupport | V177: =RIGHT(D177,LEN(D177)-29) -> EV2 | W177: =E177 -> EV2 | X177: =V177=W177 -> TRUE | Y177: =VLOOKUP(D177,'Orden de Imagen'!$A$1:D320,4,FALSE()) -> 147 | Z177: =CONCATENATE(Y177,"_",R177,"_",Q177,"_",P177,"_",E177) -> 147_26_01_04_EV2
A178: 179 | B178: GS_ORTOFOTO_Avance Estación de Drenaje 2.tif | C178: =CONCATENATE(L178,"_",M178,"_",G178,"_",N178,"_",O178,"_",R178,"_",Q178,"_",P178,"_",E178,".tif") -> CL_MLP_PAO_IF_Ortho_26_01_07_ED2.tif | D178: =CONCATENATE(L178,"_",M178,"_",G178,"_",N178,"_",O178,"_",R178,"_",Q178,"_",P178,"_",E178) -> CL_MLP_PAO_IF_Ortho_26_01_07_ED2 | E178: ED2 | F178: DJI MAVIC 3 ENTERPRISE | G178: PAO | H178: 46029.167 | I178: 46050 | J178: Activo | K178: =CONCATENATE("https://sig.aminerals.cl/imgdyn/rest/services/CL_MLP_PAO/",U178,"/","ImageServer/file?id=.\",S178,"\",R178,"_",Q178,"_",P178,"\",C178,"&rasterId=") -> https://sig.aminerals.cl/imgdyn/rest/services/CL_MLP_PAO/CL_MLP_PAO_IF_Ortho_Geosupport/ImageServer/file?id=.\Chacay_El_Mauro_Drone\26_01_07\CL_MLP_PAO_IF_Ortho_26_01_07_ED2.tif&rasterId= | L178: CL | M178: MLP | N178: IF | O178: Ortho | P178: =TEXT(H178,"dd") -> 07 | Q178: =TEXT(H178,"MM") -> 01 | R178: =TEXT(H178,"YY") -> 26 | S178: Chacay_El_Mauro_Drone | T178: 1 | U178: CL_MLP_PAO_IF_Ortho_Geosupport | V178: =RIGHT(D178,LEN(D178)-29) -> ED2 | W178: =E178 -> ED2 | X178: =V178=W178 -> TRUE | Y178: =VLOOKUP(D178,'Orden de Imagen'!$A$1:D321,4,FALSE()) -> 148 | Z178: =CONCATENATE(Y178,"_",R178,"_",Q178,"_",P178,"_",E178) -> 148_26_01_07_ED2
A179: 180 | B179: GS_ORTOFOTO_SUBESTACIÓN EL MAURO.tif | C179: =CONCATENATE(L179,"_",M179,"_",G179,"_",N179,"_",O179,"_",R179,"_",Q179,"_",P179,"_",E179,".tiff") -> CL_MLP_PAO_IF_Ortho_26_01_07_Linea-33-kV-NorteElMauro-Area12.tiff | D179: =CONCATENATE(L179,"_",M179,"_",G179,"_",N179,"_",O179,"_",R179,"_",Q179,"_",P179,"_",E179) -> CL_MLP_PAO_IF_Ortho_26_01_07_Linea-33-kV-NorteElMauro-Area12 | E179: Linea-33-kV-NorteElMauro-Area12 | F179: DJI MAVIC 3 ENTERPRISE | G179: PAO | H179: 46029.167 | I179: 46043 | J179: Activo | K179: =CONCATENATE("https://sig.aminerals.cl/imgdyn/rest/services/CL_MLP_PAO/",U179,"/","ImageServer/file?id=.\",S179,"\",R179,"_",Q179,"_",P179,"\",C179,"&rasterId=") -> https://sig.aminerals.cl/imgdyn/rest/services/CL_MLP_PAO/CL_MLP_PAO_IF_Ortho_Geosupport/ImageServer/file?id=.\El_Mauro_Drone\26_01_07\CL_MLP_PAO_IF_Ortho_26_01_07_Linea-33-kV-NorteElMauro-Area12.tiff&rasterId= | L179: CL | M179: MLP | N179: IF | O179: Ortho | P179: =TEXT(H179,"dd") -> 07 | Q179: =TEXT(H179,"MM") -> 01 | R179: =TEXT(H179,"YY") -> 26 | S179: El_Mauro_Drone | T179: 1 | U179: CL_MLP_PAO_IF_Ortho_Geosupport | V179: =RIGHT(D179,LEN(D179)-29) -> Linea-33-kV-NorteElMauro-Area12 | W179: =E179 -> Linea-33-kV-NorteElMauro-Area12 | X179: =V179=W179 -> TRUE | Y179: =VLOOKUP(D179,'Orden de Imagen'!$A$1:D322,4,FALSE()) -> 149 | Z179: =CONCATENATE(Y179,"_",R179,"_",Q179,"_",P179,"_",E179) -> 149_26_01_07_Linea-33-kV-NorteElMauro-Area12
A180: 181 | B180: GS_ORTOFOTO PATIO DE ACOPIO N°19B 07-01-2026.tif | C180: =CONCATENATE(L180,"_",M180,"_",G180,"_",N180,"_",O180,"_",R180,"_",Q180,"_",P180,"_",E180,".tiff") -> CL_MLP_PAO_IF_Ortho_26_01_07_Patio-19B-y-Armado.tiff | D180: =CONCATENATE(L180,"_",M180,"_",G180,"_",N180,"_",O180,"_",R180,"_",Q180,"_",P180,"_",E180) -> CL_MLP_PAO_IF_Ortho_26_01_07_Patio-19B-y-Armado | E180: Patio-19B-y-Armado | F180: DJI MAVIC 3 ENTERPRISE | G180: PAO | H180: 46029.167 | I180: 46043 | J180: Activo | K180: =CONCATENATE("https://sig.aminerals.cl/imgdyn/rest/services/CL_MLP_PAO/",U180,"/","ImageServer/file?id=.\",S180,"\",R180,"_",Q180,"_",P180,"\",C180,"&rasterId=") -> https://sig.aminerals.cl/imgdyn/rest/services/CL_MLP_PAO/CL_MLP_PAO_IF_Ortho_Geosupport/ImageServer/file?id=.\El_Mauro_Drone\26_01_07\CL_MLP_PAO_IF_Ortho_26_01_07_Patio-19B-y-Armado.tiff&rasterId= | L180: CL | M180: MLP | N180: IF | O180: Ortho | P180: =TEXT(H180,"dd") -> 07 | Q180: =TEXT(H180,"MM") -> 01 | R180: =TEXT(H180,"YY") -> 26 | S180: El_Mauro_Drone | T180: 1 | U180: CL_MLP_PAO_IF_Ortho_Geosupport | V180: =RIGHT(D180,LEN(D180)-29) -> Patio-19B-y-Armado | W180: =E180 -> Patio-19B-y-Armado | X180: =V180=W180 -> TRUE | Y180: =VLOOKUP(D180,'Orden de Imagen'!$A$1:D323,4,FALSE()) -> 150 | Z180: =CONCATENATE(Y180,"_",R180,"_",Q180,"_",P180,"_",E180) -> 150_26_01_07_Patio-19B-y-Armado
A181: 182 | B181: GS_ORTOFOTO TORRE E48 A E84 PV4 07-01-2026.tif | C181: =CONCATENATE(L181,"_",M181,"_",G181,"_",N181,"_",O181,"_",R181,"_",Q181,"_",P181,"_",E181,".tiff") -> CL_MLP_PAO_IF_Ortho_26_01_07_TORRE_E48_A_E84_PV4.tiff | D181: =CONCATENATE(L181,"_",M181,"_",G181,"_",N181,"_",O181,"_",R181,"_",Q181,"_",P181,"_",E181) -> CL_MLP_PAO_IF_Ortho_26_01_07_TORRE_E48_A_E84_PV4 | E181: TORRE_E48_A_E84_PV4 | F181: DJI MAVIC 3 ENTERPRISE | G181: PAO | H181: 46029.167 | I181: 46043 | J181: Activo | K181: =CONCATENATE("https://sig.aminerals.cl/imgdyn/rest/services/CL_MLP_PAO/",U181,"/","ImageServer/file?id=.\",S181,"\",R181,"_",Q181,"_",P181,"\",C181,"&rasterId=") -> https://sig.aminerals.cl/imgdyn/rest/services/CL_MLP_PAO/CL_MLP_PAO_IF_Ortho_Geosupport/ImageServer/file?id=.\El_Mauro_Puerto_Punta_Chungo_Drone\26_01_07\CL_MLP_PAO_IF_Ortho_26_01_07_TORRE_E48_A_E84_PV4.tiff&rasterId= | L181: CL | M181: MLP | N181: IF | O181: Ortho | P181: =TEXT(H181,"dd") -> 07 | Q181: =TEXT(H181,"MM") -> 01 | R181: =TEXT(H181,"YY") -> 26 | S181: El_Mauro_Puerto_Punta_Chungo_Drone | T181: 1 | U181: CL_MLP_PAO_IF_Ortho_Geosupport | V181: =RIGHT(D181,LEN(D181)-29) -> TORRE_E48_A_E84_PV4 | W181: =E181 -> TORRE_E48_A_E84_PV4 | X181: =V181=W181 -> TRUE | Y181: =VLOOKUP(D181,'Orden de Imagen'!$A$1:D324,4,FALSE()) -> 151 | Z181: =CONCATENATE(Y181,"_",R181,"_",Q181,"_",P181,"_",E181) -> 151_26_01_07_TORRE_E48_A_E84_PV4
A182: 183 | B182: GS_ORTOFOTO TORRES E12 - E30 PV4 (PRIORIDAD 4).tif | C182: =CONCATENATE(L182,"_",M182,"_",G182,"_",N182,"_",O182,"_",R182,"_",Q182,"_",P182,"_",E182,".tiff") -> CL_MLP_PAO_IF_Ortho_26_01_07_TORRES_E12_-_E30_PV4.tiff | D182: =CONCATENATE(L182,"_",M182,"_",G182,"_",N182,"_",O182,"_",R182,"_",Q182,"_",P182,"_",E182) -> CL_MLP_PAO_IF_Ortho_26_01_07_TORRES_E12_-_E30_PV4 | E182: TORRES_E12_-_E30_PV4 | F182: DJI MAVIC 3 ENTERPRISE | G182: PAO | H182: 46029.167 | I182: 46043 | J182: Activo | K182: =CONCATENATE("https://sig.aminerals.cl/imgdyn/rest/services/CL_MLP_PAO/",U182,"/","ImageServer/file?id=.\",S182,"\",R182,"_",Q182,"_",P182,"\",C182,"&rasterId=") -> https://sig.aminerals.cl/imgdyn/rest/services/CL_MLP_PAO/CL_MLP_PAO_IF_Ortho_Geosupport/ImageServer/file?id=.\El_Mauro_Drone\26_01_07\CL_MLP_PAO_IF_Ortho_26_01_07_TORRES_E12_-_E30_PV4.tiff&rasterId= | L182: CL | M182: MLP | N182: IF | O182: Ortho | P182: =TEXT(H182,"dd") -> 07 | Q182: =TEXT(H182,"MM") -> 01 | R182: =TEXT(H182,"YY") -> 26 | S182: El_Mauro_Drone | T182: 1 | U182: CL_MLP_PAO_IF_Ortho_Geosupport | V182: =RIGHT(D182,LEN(D182)-29) -> TORRES_E12_-_E30_PV4 | W182: =E182 -> TORRES_E12_-_E30_PV4 | X182: =V182=W182 -> TRUE | Y182: =VLOOKUP(D182,'Orden de Imagen'!$A$1:D325,4,FALSE()) -> 152 | Z182: =CONCATENATE(Y182,"_",R182,"_",Q182,"_",P182,"_",E182) -> 152_26_01_07_TORRES_E12_-_E30_PV4
A183: 184 | B183: GS_ORTOFOTO TORRES E31 A E48 PV4 PRIORIDAD 5.tif | C183: =CONCATENATE(L183,"_",M183,"_",G183,"_",N183,"_",O183,"_",R183,"_",Q183,"_",P183,"_",E183,".tiff") -> CL_MLP_PAO_IF_Ortho_26_01_08_TORRES_E31_A_E48_PV4.tiff | D183: =CONCATENATE(L183,"_",M183,"_",G183,"_",N183,"_",O183,"_",R183,"_",Q183,"_",P183,"_",E183) -> CL_MLP_PAO_IF_Ortho_26_01_08_TORRES_E31_A_E48_PV4 | E183: TORRES_E31_A_E48_PV4 | F183: DJI MAVIC 3 ENTERPRISE | G183: PAO | H183: 46030.167 | I183: 46043 | J183: Activo | K183: =CONCATENATE("https://sig.aminerals.cl/imgdyn/rest/services/CL_MLP_PAO/",U183,"/","ImageServer/file?id=.\",S183,"\",R183,"_",Q183,"_",P183,"\",C183,"&rasterId=") -> https://sig.aminerals.cl/imgdyn/rest/services/CL_MLP_PAO/CL_MLP_PAO_IF_Ortho_Geosupport/ImageServer/file?id=.\El_Mauro_Drone\26_01_08\CL_MLP_PAO_IF_Ortho_26_01_08_TORRES_E31_A_E48_PV4.tiff&rasterId= | L183: CL | M183: MLP | N183: IF | O183: Ortho | P183: =TEXT(H183,"dd") -> 08 | Q183: =TEXT(H183,"MM") -> 01 | R183: =TEXT(H183,"YY") -> 26 | S183: El_Mauro_Drone | T183: 1 | U183: CL_MLP_PAO_IF_Ortho_Geosupport | V183: =RIGHT(D183,LEN(D183)-29) -> TORRES_E31_A_E48_PV4 | W183: =E183 -> TORRES_E31_A_E48_PV4 | X183: =V183=W183 -> TRUE | Y183: =VLOOKUP(D183,'Orden de Imagen'!$A$1:D326,4,FALSE()) -> 153 | Z183: =CONCATENATE(Y183,"_",R183,"_",Q183,"_",P183,"_",E183) -> 153_26_01_08_TORRES_E31_A_E48_PV4
...

Sheet Hoja1
A1: Fecha
A2: CL_MLP_PAO_IF_Ortho_26_04_29_TORRE_E85_A_E_125
A3: CL_MLP_PAO_IF_Ortho_26_04_30_EM4
A4: CL_MLP_PAO_IF_Ortho_26_04_30_TORRES_E35_A_E48
A5: CL_MLP_PAO_IF_Ortho_26_05_01_Acceso_a_pozos
A6: CL_MLP_PAO_IF_Ortho_26_05_01_EM1
A7: CL_MLP_PAO_IF_Ortho_26_05_01_EV1
A8: CL_MLP_PAO_IF_Ortho_26_05_01_Pozos_PRP
A9: CL_MLP_PAO_IF_Ortho_26_05_02_ED1
A10: CL_MLP_PAO_IF_Ortho_26_05_02_EM2
A11: CL_MLP_PAO_IF_Ortho_26_05_02_EM2_S2
A12: CL_MLP_PAO_IF_Ortho_26_05_02_EV2
... A36: CL_MLP_PAO_IF_Ortho_26_05_09_EV2

Sheet Orden de Imagen
A1: Name | B1: NombreVuelo | C1: Numero | D1: 0
A2: CL_MLP_PAO_IF_Ortho_25_01_08_EB1 | B2: =RIGHT(A2, LEN(A2)-29) -> EB1 | C2: 1 | D2: =CONCATENATE("00",C2) -> 001
A3: CL_MLP_PAO_IF_Ortho_25_02_26_RutaD835 | B3: =RIGHT(A3, LEN(A3)-29) -> RutaD835 | C3: 2 | D3: =CONCATENATE("00",C3) -> 002 | E3: =C3-C2 -> 1
A4: CL_MLP_PAO_IF_Ortho_25_03_10_NSTC_116a118 | B4: =RIGHT(A4, LEN(A4)-29) -> NSTC_116a118 | C4: 3 | D4: =CONCATENATE("00",C4) -> 003 | E4: =C4-C3 -> 1
A5: CL_MLP_PAO_IF_Ortho_25_03_10_NSTC_118a120 | B5: =RIGHT(A5, LEN(A5)-29) -> NSTC_118a120 | C5: 4 | D5: =CONCATENATE("00",C5) -> 004 | E5: =C5-C4 -> 1
A6: CL_MLP_PAO_IF_Ortho_25_03_12_SRA2 | B6: =RIGHT(A6, LEN(A6)-29) -> SRA2 | C6: 5 | D6: =CONCATENATE("00",C6) -> 005 | E6: =C6-C5 -> 1
A7: CL_MLP_PAO_IF_Ortho_25_03_17_NSTC_Km_120_a_121 | B7: =RIGHT(A7, LEN(A7)-29) -> NSTC_Km_120_a_121 | C7: 6 | D7: =CONCATENATE("00",C7) -> 006 | E7: =C7-C6 -> 1
A8: CL_MLP_PAO_IF_Ortho_25_03_19_Orejas16_Ruta-D-865 | B8: =RIGHT(A8, LEN(A8)-29) -> Orejas16_Ruta-D-865 | C8: 7 | D8: =CONCATENATE("00",C8) -> 007 | E8: =C8-C7 -> 1
A9: CL_MLP_PAO_IF_Ortho_25_03_19_Orejas17_Ruta-D-865 | B9: =RIGHT(A9, LEN(A9)-29) -> Orejas17_Ruta-D-865 | C9: 8 | D9: =CONCATENATE("00",C9) -> 008 | E9: =C9-C8 -> 1
A10: CL_MLP_PAO_IF_Ortho_25_03_19_Orejas18 | B10: =RIGHT(A10, LEN(A10)-29) -> Orejas18 | C10: 9 | D10: =CONCATENATE("00",C10) -> 009 | E10: =C10-C9 -> 1
A11: CL_MLP_PAO_IF_Ortho_25_03_31_EB2 | B11: =RIGHT(A11, LEN(A11)-29) -> EB2 | C11: 10 | D11: =CONCATENATE("0",C11) -> 010 | E11: =C11-C10 -> 1
A12: CL_MLP_PAO_IF_Ortho_25_03_31_EV2 | B12: =RIGHT(A12, LEN(A12)-29) -> EV2 | C12: 11 | D12: =CONCATENATE("0",C12) -> 011 | E12: =C12-C11 -> 1
A13: CL_MLP_PAO_IF_Ortho_25_04_02_DME-13 | B13: =RIGHT(A13, LEN(A13)-29) -> DME-13 | C13: 12 | D13: =CONCATENATE("0",C13) -> 012 | E13: =C13-C12 -> 1
A14: CL_MLP_PAO_IF_Ortho_25_04_02_Patio-Acopio-17 | B14: =RIGHT(A14, LEN(A14)-29) -> Patio-Acopio-17 | C14: 13 | D14: =CONCATENATE("0",C14) -> 013 | E14: =C14-C13 -> 1
A15: CL_MLP_PAO_IF_Ortho_25_04_02_Ruta-SE-a-DME-13 | B15: =RIGHT(A15, LEN(A15)-29) -> Ruta-SE-a-DME-13 | C15: 14 | D15: =CONCATENATE("0",C15) -> 014 | E15: =C15-C14 -> 1
A16: CL_MLP_PAO_IF_Ortho_25_04_03_Area-patio-19b-y-armado | B16: =RIGHT(A16, LEN(A16)-29) -> Area-patio-19b-y-armado | C16: 15 | D16: =CONCATENATE("0",C16) -> 015 | E16: =C16-C15 -> 1
A17: CL_MLP_PAO_IF_Ortho_25_04_03_Subestacion-El-Mauro | B17: =RIGHT(A17, LEN(A17)-29) -> Subestacion-El-Mauro | C17: 16 | D17: =CONCATENATE("0",C17) -> 016 | E17: =C17-C16 -> 1
A18: CL_MLP_PAO_IF_Ortho_25_04_09_Cachimba_de_Bajo_Camisas_ED2 | B18: =RIGHT(A18, LEN(A18)-29) -> Cachimba_de_Bajo_Camisas_ED2 | C18: 17 | D18: =CONCATENATE("0",C18) -> 017 | E18: =C18-C17 -> 1
A19: CL_MLP_PAO_IF_Ortho_25_04_10_Sector_Pupio_I_Area_1 | B19: =RIGHT(A19, LEN(A19)-29) -> Sector_Pupio_I_Area_1 | C19: 18 | D19: =CONCATENATE("0",C19) -> 018 | E19: =C19-C18 -> 1
A20: CL_MLP_PAO_IF_Ortho_25_05_07_Monte_Aranda_82p3_a_80p7 | B20: =RIGHT(A20, LEN(A20)-29) -> Monte_Aranda_82p3_a_80p7 | C20: 19 | D20: =CONCATENATE("0",C20) -> 019 | E20: =C20-C19 -> 1
A21: CL_MLP_PAO_IF_Ortho_25_05_07_Monte-Aranda-84p2-a-82p3 | B21: =RIGHT(A21, LEN(A21)-29) -> Monte-Aranda-84p2-a-82p3 | C21: 20 | D21: =CONCATENATE("0",C21) -> 020 | E21: =C21-C20 -> 1
A22: CL_MLP_PAO_IF_Ortho_25_05_12_EDT | B22: =RIGHT(A22, LEN(A22)-29) -> EDT | C22: 21 | D22: =CONCATENATE("0",C22) -> 021 | E22: =C22-C21 -> 1
... A100: CL_MLP_PAO_IF_Ortho_25_09_25_EM1 | B100: =RIGHT(A100, LEN(A100)-29) -> EM1 | C100: 99 | D100: =CONCATENATE("0",C100) -> 099 | E100: =C100-C99 -> 1
A101: CL_MLP_PAO_IF_Ortho_25_09_25_EM1-EstacionChoapa3 | B101: =RIGHT(A101, LEN(A101)-29) -> EM1-EstacionChoapa3 | C101: 100 | D101: =C101 -> 100 | E101: =C101-C100 -> 1
A102: CL_MLP_PAO_IF_Ortho_25_09_25_NSTC-km-7p0-a-8p3 | B102: =RIGHT(A102, LEN(A102)-29) -> NSTC-km-7p0-a-8p3 | C102: 101 | D102: =C102 -> 101 | E102: =C102-C101 -> 1
A103: CL_MLP_PAO_IF_Ortho_25_09_25_SRA-2-53p2-a-54p6 | B103: =RIGHT(A103, LEN(A103)-29) -> SRA-2-53p2-a-54p6 | C103: 102 | D103: =C103 -> 102 | E103: =C103-C102 -> 1
A104: CL_MLP_PAO_IF_Ortho_25_10_01_NSTC_Km_87p1_a_88p7 | B104: =RIGHT(A104, LEN(A104)-29) -> NSTC_Km_87p1_a_88p7 | C104: 103 | D104: =C104 -> 103 | E104: =C104-C103 -> 1
A105: CL_MLP_PAO_IF_Ortho_25_10_01_Pupio_I_sector_2_2 | B105: =RIGHT(A105, LEN(A105)-29) -> Pupio_I_sector_2_2 | C105: 104 | D105: =C105 -> 104 | E105: =C105-C104 -> 1
A106: CL_MLP_PAO_IF_Ortho_25_10_02_NSTC_Km_91p5_a_92 | B106: =RIGHT(A106, LEN(A106)-29) -> NSTC_Km_91p5_a_92 | C106: 105 | D106: =C106 -> 105 | E106: =C106-C105 -> 1
A107: CL_MLP_PAO_IF_Ortho_25_10_02_NSTC_Km_92_a_93 | B107: =RIGHT(A107, LEN(A107)-29) -> NSTC_Km_92_a_93 | C107: 106 | D107: =C107 -> 106 | E107: =C107-C106 -> 1
A108: CL_MLP_PAO_IF_Ortho_25_10_02_NSTC_Km_93_a_94 | B108: =RIGHT(A108, LEN(A108)-29) -> NSTC_Km_93_a_94 | C108: 107 | D108: =C108 -> 107 | E108: =C108-C107 -> 1
A109: CL_MLP_PAO_IF_Ortho_25_10_02_NSTC_Km_94_a_95 | B109: =RIGHT(A109, LEN(A109)-29) -> NSTC_Km_94_a_95 | C109: 108 | D109: =C109 -> 108 | E109: =C109-C108 -> 1
A110: CL_MLP_PAO_IF_Ortho_25_10_07_DME5A_DME17_a_NSTC_78p9 | B110: =RIGHT(A110, LEN(A110)-29) -> DME5A_DME17_a_NSTC_78p9 | C110: 109 | D110: =C110 -> 109 | E110: =C110-C109 -> 1
A111: CL_MLP_PAO_IF_Ortho_25_10_07_DME5C_DME_16_a_NSTC_79p4 | B111: =RIGHT(A111, LEN(A111)-29) -> DME5C_DME_16_a_NSTC_79p4 | C111: 110 | D111: =C111 -> 110 | E111: =C111-C110 -> 1
A112: CL_MLP_PAO_IF_Ortho_25_10_08_ElMauro_E7_E9 | B112: =RIGHT(A112, LEN(A112)-29) -> ElMauro_E7_E9 | C112: 111 | D112: =C112 -> 111 | E112: =C112-C111 -> 1
... A460: CL_MLP_PAO_IF_Ortho_26_05_09_EV2 | B460: =RIGHT(A460, LEN(A460)-29) -> EV2 | C460: 457 | D460: =C460 -> 457 | E460: =C460-C459 -> 1

Sheet URL PARA REFERIDO
A1: OBJECTID * | B1: Shape * | C1: Name | D1: MinPS | E1: MaxPS | F1: LowPS | G1: HighPS | H1: Category | I1: Tag | J1: GroupName | K1: ProductNam | L1: CenterX | M1: CenterY | N1: ZOrder | O1: TypeID | P1: ItemTS | Q1: UriHash | R1: Sector | S1: Sensor | T1: Proyecto | U1: Fecha_Adqu | V1: Fecha_Publ | W1: Estado | X1: URL | Y1: ID IMAGE SERVER | Z1: URL FINAL
A2: 1 | B2: Polygon | C2: CL_MLP_PAO_IF_Ortho_25_02_01_Transversal_TR_0 | D2: 0 | E2: 1.2 | F2: 0.1 | G2: 0.2 | H2: 1 | I2: Dataset | L2: 349592.8 | M2: 6479583.7 | N2: 0 | O2: 12 | P2: 45901.769 | Q2: 3F6B9CAB6EAF6ACEFAE1DCA5B2D14BC4 | R2: Sector 0 | S2: Vuelo Aerofotogramétrico | T2: PAO | U2: <Null> | V2: <Null> | W2: Activo | X2: https://sig.aminerals.cl/imgdyn/rest/services/CL_MLP_PAO/CL_MLP_PAO_IF_Ortho_Transversal/ImageServer/file?id=.%5CTransversal_Aereo%5C25_02_02%5CCL_MLP_PAO_IF_Ortho_25_02_01_Transversal_TR_1.tif | Y2: =VLOOKUP(C2,$A$418:$B$538,2,FALSE()) -> 9803 | Z2: =CONCATENATE(X2,"&rasterId=",Y2) -> https://sig.aminerals.cl/imgdyn/rest/services/CL_MLP_PAO/CL_MLP_PAO_IF_Ortho_Transversal/ImageServer/file?id=.%5CTransversal_Aereo%5C25_02_02%5CCL_MLP_PAO_IF_Ortho_25_02_01_Transversal_TR_1.tif&rasterId=9803
A3: 2 | B3: Polygon | C3: CL_MLP_PAO_IF_Ortho_25_02_01_Transversal_TR_1 | D3: 0 | E3: 1.2 | F3: 0.1 | G3: 0.4 | H3: 1 | I3: Dataset | L3: 347218.5 | M3: 6476631 | N3: 0 | O3: 12 | P3: 45901.769 | Q3: C74D29FB11693EC647FF15DB4FEFA53E | R3: Sector 1 | S3: Vuelo Aerofotogramétrico | T3: PAO | U3: <Null> | V3: <Null> | W3: Activo | X3: https://sig.aminerals.cl/imgdyn/rest/services/CL_MLP_PAO/CL_MLP_PAO_IF_Ortho_Transversal/ImageServer/file?id=.%5CTransversal_Aereo%5C25_02_02%5CCL_MLP_PAO_IF_Ortho_25_02_01_Transversal_TR_1.tif | Y3: =VLOOKUP(C3,$A$418:$B$538,2,FALSE()) -> 9804 | Z3: =CONCATENATE(X3,"&rasterId=",Y3) -> https://sig.aminerals.cl/imgdyn/rest/services/CL_MLP_PAO/CL_MLP_PAO_IF_Ortho_Transversal/ImageServer/file?id=.%5CTransversal_Aereo%5C25_02_02%5CCL_MLP_PAO_IF_Ortho_25_02_01_Transversal_TR_1.tif&rasterId=9804
A4: 3 | B4: Polygon | C4: CL_MLP_PAO_IF_Ortho_25_02_01_Transversal_TR_10 | D4: 0 | E4: 1.2 | F4: 0.1 | G4: 0.4 | H4: 1 | I4: Dataset | L4: 273959.02 | M4: 6471800.4 | N4: 0 | O4: 12 | P4: 45901.769 | Q4: E657F485B42BB4665ACF912FB213C8CD | R4: Sector 10 | S4: Vuelo Aerofotogramétrico | T4: PAO | U4: <Null> | V4: <Null> | W4: Activo | X4: https://sig.aminerals.cl/imgdyn/rest/services/CL_MLP_PAO/CL_MLP_PAO_IF_Ortho_Transversal/ImageServer/file?id=.%5CTransversal_Aereo%5C25_02_02%5CCL_MLP_PAO_IF_Ortho_25_02_01_Transversal_TR_10.tif | Y4: =VLOOKUP(C4,$A$418:$B$538,2,FALSE()) -> 9805 | Z4: =CONCATENATE(X4,"&rasterId=",Y4) -> https://sig.aminerals.cl/imgdyn/rest/services/CL_MLP_PAO/CL_MLP_PAO_IF_Ortho_Transversal/ImageServer/file?id=.%5CTransversal_Aereo%5C25_02_02%5CCL_MLP_PAO_IF_Ortho_25_02_01_Transversal_TR_10.tif&rasterId=9805
A5: 4 | B5: Polygon | C5: CL_MLP_PAO_IF_Ortho_25_02_01_Transversal_TR_100 | D5: 0 | E5: 1.2 | F5: 0.1 | G5: 0.2 | H5: 1 | I5: Dataset | L5: 297858.12 | M5: 6461838.3 | N5: 0 | O5: 12 | P5: 45901.769 | Q5: 85C0DF7175A722966D6838798E475004 | R5: Sector 100 | S5: Vuelo Aerofotogramétrico | T5: PAO | U5: <Null> | V5: <Null> | W5: Activo | X5: https://sig.aminerals.cl/imgdyn/rest/services/CL_MLP_PAO/CL_MLP_PAO_IF_Ortho_Transversal/ImageServer/file?id=.%5CTransversal_Aereo%5C25_02_02%5CCL_MLP_PAO_IF_Ortho_25_02_01_Transversal_TR_100.tif | Y5: =VLOOKUP(C5,$A$418:$B$538,2,FALSE()) -> 9806 | Z5: =CONCATENATE(X5,"&rasterId=",Y5) -> https://sig.aminerals.cl/imgdyn/rest/services/CL_MLP_PAO/CL_MLP_PAO_IF_Ortho_Transversal/ImageServer/file?id=.%5CTransversal_Aereo%5C25_02_02%5CCL_MLP_PAO_IF_Ortho_25_02_01_Transversal_TR_100.tif&rasterId=9806
A6: 5 | B6: Polygon | C6: CL_MLP_PAO_IF_Ortho_25_02_01_Transversal_TR_101 | D6: 0 | E6: 1.2 | F6: 0.1 | G6: 0.4 | H6: 1 | I6: Dataset | L6: 296914.78 | M6: 6462010.5 | N6: 0 | O6: 12 | P6: 45901.769 | Q6: EFE7C00140CEE9BADE371A68DFFA579D | R6: Sector 101 | S6: Vuelo Aerofotogramétrico | T6: PAO | U6: <Null> | V6: <Null> | W6: Activo | X6: https://sig.aminerals.cl/imgdyn/rest/services/CL_MLP_PAO/CL_MLP_PAO_IF_Ortho_Transversal/ImageServer/file?id=.%5CTransversal_Aereo%5C25_02_02%5CCL_MLP_PAO_IF_Ortho_25_02_01_Transversal_TR_101.tif | Y6: =VLOOKUP(C6,$A$418:$B$538,2,FALSE()) -> 9807 | Z6: =CONCATENATE(X6,"&rasterId=",Y6) -> https://sig.aminerals.cl/imgdyn/rest/services/CL_MLP_PAO/CL_MLP_PAO_IF_Ortho_Transversal/ImageServer/file?id=.%5CTransversal_Aereo%5C25_02_02%5CCL_MLP_PAO_IF_Ortho_25_02_01_Transversal_TR_101.tif&rasterId=9807
A7: 6 | B7: Polygon | C7: CL_MLP_PAO_IF_Ortho_25_02_01_Transversal_TR_102 | D7: 0 | E7: 1.2 | F7: 0.1 | G7: 0.2 | H7: 1 | I7: Dataset | L7: 296144.52 | M7: 6462264.9 | N7: 0 | O7: 12 | P7: 45901.769 | Q7: C1F1EB4796DF99D46B9ECB182969F69C | R7: Sector 102 | S7: Vuelo Aerofotogramétrico | T7: PAO | U7: <Null> | V7: <Null> | W7: Activo | X7: https://sig.aminerals.cl/imgdyn/rest/services/CL_MLP_PAO/CL_MLP_PAO_IF_Ortho_Transversal/ImageServer/file?id=.%5CTransversal_Aereo%5C25_02_02%5CCL_MLP_PAO_IF_Ortho_25_02_01_Transversal_TR_102.tif | Y7: =VLOOKUP(C7,$A$418:$B$538,2,FALSE()) -> 9808 | Z7: =CONCATENATE(X7,"&rasterId=",Y7) -> https://sig.aminerals.cl/imgdyn/rest/services/CL_MLP_PAO/CL_MLP_PAO_IF_Ortho_Transversal/ImageServer/file?id=.%5CTransversal_Aereo%5C25_02_02%5CCL_MLP_PAO_IF_Ortho_25_02_01_Transversal_TR_102.tif&rasterId=9808
A8: 7 | B8: Polygon | C8: CL_MLP_PAO_IF_Ortho_25_02_01_Transversal_TR_103 | D8: 0 | E8: 1.2 | F8: 0.1 | G8: 0.2 | H8: 1 | I8: Dataset | L8: 296063.31 | M8: 6463101.4 | N8: 0 | O8: 12 | P8: 45901.769 | Q8: CA18D1996DFC4C1EAD856C9023578878 | R8: Sector 103 | S8: Vuelo Aerofotogramétrico | T8: PAO | U8: <Null> | V8: <Null> | W8: Activo | X8: https://sig.aminerals.cl/imgdyn/rest/services/CL_MLP_PAO/CL_MLP_PAO_IF_Ortho_Transversal/ImageServer/file?id=.%5CTransversal_Aereo%5C25_02_02%5CCL_MLP_PAO_IF_Ortho_25_02_01_Transversal_TR_103.tif | Y8: =VLOOKUP(C8,$A$418:$B$538,2,FALSE()) -> 9809 | Z8: =CONCATENATE(X8,"&rasterId=",Y8) -> https://sig.aminerals.cl/imgdyn/rest/services/CL_MLP_PAO/CL_MLP_PAO_IF_Ortho_Transversal/ImageServer/file?id=.%5CTransversal_Aereo%5C25_02_02%5CCL_MLP_PAO_IF_Ortho_25_02_01_Transversal_TR_103.tif&rasterId=9809
A9: 8 | B9: Polygon | C9: CL_MLP_PAO_IF_Ortho_25_02_01_Transversal_TR_104 | D9: 0 | E9: 1.2 | F9: 0.1 | G9: 0.4 | H9: 1 | I9: Dataset | L9: 295886.15 | M9: 6464088.1 | N9: 0 | O9: 12 | P9: 45901.769 | Q9: 7946903D82566728D08CE79538EA96C5 | R9: Sector 104 | S9: Vuelo Aerofotogramétrico | T9: PAO | U9: <Null> | V9: <Null> | W9: Activo | X9: https://sig.aminerals.cl/imgdyn/rest/services/CL_MLP_PAO/CL_MLP_PAO_IF_Ortho_Transversal/ImageServer/file?id=.%5CTransversal_Aereo%5C25_02_02%5CCL_MLP_PAO_IF_Ortho_25_02_01_Transversal_TR_104.tif | Y9: =VLOOKUP(C9,$A$418:$B$538,2,FALSE()) -> 9810 | Z9: =CONCATENATE(X9,"&rasterId=",Y9) -> https://sig.aminerals.cl/imgdyn/rest/services/CL_MLP_PAO/CL_MLP_PAO_IF_Ortho_Transversal/ImageServer/file?id=.%5CTransversal_Aereo%5C25_02_02%5CCL_MLP_PAO_IF_Ortho_25_02_01_Transversal_TR_104.tif&rasterId=9810
A10: 9 | B10: Polygon | C10: CL_MLP_PAO_IF_Ortho_25_02_01_Transversal_TR_105 | D10: 0 | E10: 1.2 | F10: 0.1 | G10: 0.2 | H10: 1 | I10: Dataset | L10: 295497.3 | M10: 6464970.4 | N10: 0 | O10: 12 | P10: 45901.769 | Q10: 1A2FDA6578F56908162DD37FEE6F0335 | R10: Sector 105 | S10: Vuelo Aerofotogramétrico | T10: PAO | U10: <Null> | V10: <Null> | W10: Activo | X10: https://sig.aminerals.cl/imgdyn/rest/services/CL_MLP_PAO/CL_MLP_PAO_IF_Ortho_Transversal/ImageServer/file?id=.%5CTransversal_Aereo%5C25_02_02%5CCL_MLP_PAO_IF_Ortho_25_02_01_Transversal_TR_105.tif | Y10: =VLOOKUP(C10,$A$418:$B$538,2,FALSE()) -> 9811 | Z10: =CONCATENATE(X10,"&rasterId=",Y10) -> https://sig.aminerals.cl/imgdyn/rest/services/CL_MLP_PAO/CL_MLP_PAO_IF_Ortho_Transversal/ImageServer/file?id=.%5CTransversal_Aereo%5C25_02_02%5CCL_MLP_PAO_IF_Ortho_25_02_01_Transversal_TR_105.tif&rasterId=9811
A11: 10 | B11: Polygon | C11: CL_MLP_PAO_IF_Ortho_25_02_01_Transversal_TR_106 | D11: 0 | E11: 1.2 | F11: 0.1 | G11: 0.4 | H11: 1 | I11: Dataset | L11: 294476.13 | M11: 6465187.8 | N11: 0 | O11: 12 | P11: 45901.769 | Q11: F7687EFBB8A5655D3C5E3093E90CE4CC | R11: Sector 106 | S11: Vuelo Aerofotogramétrico | T11: PAO | U11: <Null> | V11: <Null> | W11: Activo | X11: https://sig.aminerals.cl/imgdyn/rest/services/CL_MLP_PAO/CL_MLP_PAO_IF_Ortho_Transversal/ImageServer/file?id=.%5CTransversal_Aereo%5C25_02_02%5CCL_MLP_PAO_IF_Ortho_25_02_01_Transversal_TR_106.tif | Y11: =VLOOKUP(C11,$A$418:$B$538,2,FALSE()) -> 9812 | Z11: =CONCATENATE(X11,"&rasterId=",Y11) -> https://sig.aminerals.cl/imgdyn/rest/services/CL_MLP_PAO/CL_MLP_PAO_IF_Ortho_Transversal/ImageServer/file?id=.%5CTransversal_Aereo%5C25_02_02%5CCL_MLP_PAO_IF_Ortho_25_02_01_Transversal_TR_106.tif&rasterId=9812
A12: 11 | B12: Polygon | C12: CL_MLP_PAO_IF_Ortho_25_02_01_Transversal_TR_107 | D12: 0 | E12: 1.2 | F12: 0.1 | G12: 0.4 | H12: 1 | I12: Dataset | L12: 293560.47 | M12: 6465696.9 | N12: 0 | O12: 12 | P12: 45901.769 | Q12: 0B368F8FCBEEB7B51F2A603AA5340568 | R12: Sector 107 | S12: Vuelo Aerofotogramétrico | T12: PAO | U12: <Null> | V12: <Null> | W12: Activo | X12: https://sig.aminerals.cl/imgdyn/rest/services/CL_MLP_PAO/CL_MLP_PAO_IF_Ortho_Transversal/ImageServer/file?id=.%5CTransversal_Aereo%5C25_02_02%5CCL_MLP_PAO_IF_Ortho_25_02_01_Transversal_TR_107.tif | Y12: =VLOOKUP(C12,$A$418:$B$538,2,FALSE()) -> 9813 | Z12: =CONCATENATE(X12,"&rasterId=",Y12) -> https://sig.aminerals.cl/imgdyn/rest/services/CL_MLP_PAO/CL_MLP_PAO_IF_Ortho_Transversal/ImageServer/file?id=.%5CTransversal_Aereo%5C25_02_02%5CCL_MLP_PAO_IF_Ortho_25_02_01_Transversal_TR_107.tif&rasterId=9813
A13: 12 | B13: Polygon | C13: CL_MLP_PAO_IF_Ortho_25_02_01_Transversal_TR_108 | D13: 0 | E13: 1.2 | F13: 0.1 | G13: 0.4 | H13: 1 | I13: Dataset | L13: 292473.69 | M13: 6465936.9 | N13: 0 | O13: 12 | P13: 45901.769 | Q13: D11C519854CBA883C5A7245BA05E2A84 | R13: Sector 108 | S13: Vuelo Aerofotogramétrico | T13: PAO | U13: <Null> | V13: <Null> | W13: Activo | X13: https://sig.aminerals.cl/imgdyn/rest/services/CL_MLP_PAO/CL_MLP_PAO_IF_Ortho_Transversal/ImageServer/file?id=.%5CTransversal_Aereo%5C25_02_02%5CCL_MLP_PAO_IF_Ortho_25_02_01_Transversal_TR_108.tif | Y13: =VLOOKUP(C13,$A$418:$B$538,2,FALSE()) -> 9814 | Z13: =CONCATENATE(X13,"&rasterId=",Y13) -> https://sig.aminerals.cl/imgdyn/rest/services/CL_MLP_PAO/CL_MLP_PAO_IF_Ortho_Transversal/ImageServer/file?id=.%5CTransversal_Aereo%5C25_02_02%5CCL_MLP_PAO_IF_Ortho_25_02_01_Transversal_TR_108.tif&rasterId=9814
... A122: 121 | B122: Polygon | C122: CL_MLP_PAO_IF_Ortho_25_02_01_Transversal_TR_99 | D122: 0 | E122: 1.2 | F122: 0.1 | G122: 0.4 | H122: 1 | I122: Dataset | L122: 348202.41 | M122: 6477560.8 | N122: 0 | O122: 12 | P122: 45901.769 | Q122: D9E7CEEB93F7B00E3746B0BC36351A5D | R122: Sector 99 | S122: Vuelo Aerofotogramétrico | T122: PAO | U122: <Null> | V122: <Null> | W122: Activo | X122: https://sig.aminerals.cl/imgdyn/rest/services/CL_MLP_PAO/CL_MLP_PAO_IF_Ortho_Transversal/ImageServer/file?id=.%5CTransversal_Aereo%5C25_02_02%5CCL_MLP_PAO_IF_Ortho_25_02_01_Transversal_TR_99.tif | Y122: =VLOOKUP(C122,$A$418:$B$538,2,FALSE()) -> 9923 | Z122: =CONCATENATE(X122,"&rasterId=",Y122) -> https://sig.aminerals.cl/imgdyn/rest/services/CL_MLP_PAO/CL_MLP_PAO_IF_Ortho_Transversal/ImageServer/file?id=.%5CTransversal_Aereo%5C25_02_02%5CCL_MLP_PAO_IF_Ortho_25_02_01_Transversal_TR_99.tif&rasterId=9923
A123: 122 | B123: Polygon | C123: CL_MLP_PAO_IF_Ortho_25_03_12_SRA2 | D123: 0 | E123: 0.04954 | F123: 0.02 | G123: 0.02 | H123: 1 | I123: Dataset | L123: 347345.82 | M123: 6476261.9 | N123: 0 | O123: 21 | P123: 45901.947 | Q123: D5B205D75C7510AE8788D6F4571296BF | R123: SRA2 | S123: DJI MATRICE 350 RTK | T123: PAO | U123: 45728 | V123: 45894 | W123: Activo | X123: https://sig.aminerals.cl/imgdyn/rest/services/CL_MLP_PAO/CL_MLP_PAO_IF_Ortho_ALL/ImageServer/file?id=.%5CChacay_Drone%5C25_03_12%5CCL_MLP_PAO_IF_Ortho_25_03_12_SRA2.tif | Y123: =VLOOKUP(C123,$A$226:$B$414,2,FALSE()) -> 10536 | Z123: =CONCATENATE(X123,"&rasterId=",Y123) -> https://sig.aminerals.cl/imgdyn/rest/services/CL_MLP_PAO/CL_MLP_PAO_IF_Ortho_ALL/ImageServer/file?id=.%5CChacay_Drone%5C25_03_12%5CCL_MLP_PAO_IF_Ortho_25_03_12_SRA2.tif&rasterId=10536
A124: 123 | B124: Polygon | C124: CL_MLP_PAO_IF_Ortho_25_02_26_Area1_Cuncumen-D835 | D124: 0 | E124: 0.04954 | F124: 0.017 | G124: 0.136 | H124: 1 | I124: Dataset | L124: 341945.51 | M124: 6470061.7 | N124: 0 | O124: 21 | P124: 45894.57 | Q124: EE3343F589027D3E6E50BAB71E1BBC65 | R124: Area1_Cuncumen-D835 | S124: DJI MATRICE 350 RTK | T124: PAO | U124: 45714 | V124: 45894 | W124: Activo | X124: https://sig.aminerals.cl/imgdyn/rest/services/CL_MLP_PAO/CL_MLP_PAO_IF_Ortho_ALL/ImageServer/file?id=.%5CChacay_El_Mauro_Drone%5C25_02_26%5CCL_MLP_PAO_IF_Ortho_25_02_26_Area1_Cuncumen-D835.tiff | Y124: =VLOOKUP(C124,$A$226:$B$414,2,FALSE()) -> 10537 | Z124: =CONCATENATE(X124,"&rasterId=",Y124) -> https://sig.aminerals.cl/imgdyn/rest/services/CL_MLP_PAO/CL_MLP_PAO_IF_Ortho_ALL/ImageServer/file?id=.%5CChacay_El_Mauro_Drone%5C25_02_26%5CCL_MLP_PAO_IF_Ortho_25_02_26_Area1_Cuncumen-D835.tiff&rasterId=10537
A125: 124 | B125: Polygon | C125: CL_MLP_PAO_IF_Ortho_25_02_26_Area2_Cuncumen-D835 | D125: 0 | E125: 0.528 | F125: 0.015 | G125: 0.12 | H125: 1 | I125: Dataset | L125: 343149.45 | M125: 6469932.3 | N125: 0 | O125: 21 | P125: 45894.57 | Q125: 62ED76A7E30F46EAEDC4EF4DB5C82BAA | R125: Area2_Cuncumen-D835 | S125: DJI MATRICE 350 RTK | T125: PAO | U125: 45714 | V125: 45894 | W125: Activo | X125: https://sig.aminerals.cl/imgdyn/rest/services/CL_MLP_PAO/CL_MLP_PAO_IF_Ortho_ALL/ImageServer/file?id=.%5CChacay_El_Mauro_Drone%5C25_02_26%5CCL_MLP_PAO_IF_Ortho_25_02_26_Area2_Cuncumen-D835.tiff | Y125: =VLOOKUP(C125,$A$226:$B$414,2,FALSE()) -> 10538 | Z125: =CONCATENATE(X125,"&rasterId=",Y125) -> https://sig.aminerals.cl/imgdyn/rest/services/CL_MLP_PAO/CL_MLP_PAO_IF_Ortho_ALL/ImageServer/file?id=.%5CChacay_El_Mauro_Drone%5C25_02_26%5CCL_MLP_PAO_IF_Ortho_25_02_26_Area2_Cuncumen-D835.tiff&rasterId=10538
A126: 125 | B126: Polygon | C126: CL_MLP_PAO_IF_Ortho_25_02_26_RutaD835 | D126: 0 | E126: 0.528 | F126: 0.05 | G126: 0.2 | H126: 1 | I126: Dataset | L126: 342545.61 | M126: 6470016.8 | N126: 0 | O126: 21 | P126: 45901.947 | Q126: B5E8C368F8D4906D1F2D8B14D2A02BDC | R126: RutaD835 | S126: DJI MATRICE 350 RTK | T126: PAO | U126: 45714 | V126: 45894 | W126: Activo | X126: https://sig.aminerals.cl/imgdyn/rest/services/CL_MLP_PAO/CL_MLP_PAO_IF_Ortho_ALL/ImageServer/file?id=.%5CChacay_El_Mauro_Drone%5C25_02_26%5CCL_MLP_PAO_IF_Ortho_25_02_26_RutaD835.tiff | Y126: =VLOOKUP(C126,$A$226:$B$414,2,FALSE()) -> 10539 | Z126: =CONCATENATE(X126,"&rasterId=",Y126) -> https://sig.aminerals.cl/imgdyn/rest/services/CL_MLP_PAO/CL_MLP_PAO_IF_Ortho_ALL/ImageServer/file?id=.%5CChacay_El_Mauro_Drone%5C25_02_26%5CCL_MLP_PAO_IF_Ortho_25_02_26_RutaD835.tiff&rasterId=10539
A127: 126 | B127: Polygon | C127: CL_MLP_PAO_IF_Ortho_25_04_02_DME-13 | D127: 0 | E127: 0.528 | F127: 0.0185 | G127: 0.296 | H127: 1 | I127: Dataset | L127: 312064.73 | M127: 6462856.7 | N127: 0 | O127: 21 | P127: 45894.571 | Q127: 9929C9115FC049EC3D68DFF8BA8C2155 | R127: DME-13 | S127: DJI MATRICE 350 RTK | T127: PAO | U127: 45749 | V127: 45894 | W127: Activo | X127: https://sig.aminerals.cl/imgdyn/rest/services/CL_MLP_PAO/CL_MLP_PAO_IF_Ortho_ALL/ImageServer/file?id=.%5CChacay_El_Mauro_Drone%5C25_04_02%5CCL_MLP_PAO_IF_Ortho_25_04_02_DME-13.tiff | Y127: =VLOOKUP(C127,$A$226:$B$414,2,FALSE()) -> 10540 | Z127: =CONCATENATE(X127,"&rasterId=",Y127) -> https://sig.aminerals.cl/imgdyn/rest/services/CL_MLP_PAO/CL_MLP_PAO_IF_Ortho_ALL/ImageServer/file?id=.%5CChacay_El_Mauro_Drone%5C25_04_02%5CCL_MLP_PAO_IF_Ortho_25_04_02_DME-13.tiff&rasterId=10540
A128: 127 | B128: Polygon | C128: CL_MLP_PAO_IF_Ortho_25_04_02_Patio-Acopio-17 | D128: 0 | E128: 0.528 | F128: 0.019 | G128: 0.152 | H128: 1 | I128: Dataset | L128: 310774.51 | M128: 6463952.1 | N128: 0 | O128: 21 | P128: 45894.571 | Q128: 784FCDE1E6936F56924A415455E55DEB | R128: Patio-Acopio-17 | S128: DJI MATRICE 350 RTK | T128: PAO | U128: 45749 | V128: 45894 | W128: Activo | X128: https://sig.aminerals.cl/imgdyn/rest/services/CL_MLP_PAO/CL_MLP_PAO_IF_Ortho_ALL/ImageServer/file?id=.%5CChacay_El_Mauro_Drone%5C25_04_02%5CCL_MLP_PAO_IF_Ortho_25_04_02_Patio-Acopio-17.tiff | Y128: =VLOOKUP(C128,$A$226:$B$414,2,FALSE()) -> 10541 | Z128: =CONCATENATE(X128,"&rasterId=",Y128) -> https://sig.aminerals.cl/imgdyn/rest/services/CL_MLP_PAO/CL_MLP_PAO_IF_Ortho_ALL/ImageServer/file?id=.%5CChacay_El_Mauro_Drone%5C25_04_02%5CCL_MLP_PAO_IF_Ortho_25_04_02_Patio-Acopio-17.tiff&rasterId=10541
A129: 128 | B129: Polygon | C129: CL_MLP_PAO_IF_Ortho_25_04_02_Ruta-SE-a-DME-13 | D129: 0 | E129: 0.528 | F129: 0.019 | G129: 0.304 | H129: 1 | I129: Dataset | L129: 311378.06 | M129: 6463427.1 | N129: 0 | O129: 21 | P129: 45894.573 | Q129: 1C0F0333EF5C6374A8CD942A35A9E466 | R129: Ruta-SE-a-DME-13 | S129: DJI MATRICE 350 RTK | T129: PAO | U129: 45749 | V129: 45894 | W129: Activo | X129: https://sig.aminerals.cl/imgdyn/rest/services/CL_MLP_PAO/CL_MLP_PAO_IF_Ortho_ALL/ImageServer/file?id=.%5CChacay_El_Mauro_Drone%5C25_04_02%5CCL_MLP_PAO_IF_Ortho_25_04_02_Ruta-SE-a-DME-13.tiff | Y129: =VLOOKUP(C129,$A$226:$B$414,2,FALSE()) -> 10542 | Z129: =CONCATENATE(X129,"&rasterId=",Y129) -> https://sig.aminerals.cl/imgdyn/rest/services/CL_MLP_PAO/CL_MLP_PAO_IF_Ortho_ALL/ImageServer/file?id=.%5CChacay_El_Mauro_Drone%5C25_04_02%5CCL_MLP_PAO_IF_Ortho_25_04_02_Ruta-SE-a-DME-13.tiff&rasterId=10542
A130: 129 | B130: Polygon | C130: CL_MLP_PAO_IF_Ortho_25_04_09_Ruta-D-847_01 | D130: 0 | E130: 0.528 | F130: 0.02 | G130: 0.16 | H130: 1 | I130: Dataset | L130: 318005.48 | M130: 6468774.3 | N130: 0 | O130: 21 | P130: 45901.947 | Q130: B1D3F11EA4B8A83E53922D7049A33F88 | R130: Ruta-D-847_01 | S130: DJI MATRICE 350 RTK | T130: PAO | U130: 45756 | V130: 45894 | W130: Activo | X130: https://sig.aminerals.cl/imgdyn/rest/services/CL_MLP_PAO/CL_MLP_PAO_IF_Ortho_ALL/ImageServer/file?id=.%5CChacay_El_Mauro_Drone%5C25_04_09%5CCL_MLP_PAO_IF_Ortho_25_04_09_Ruta-D-847_01.tiff | Y130: =VLOOKUP(C130,$A$226:$B$414,2,FALSE()) -> 10543 | Z130: =CONCATENATE(X130,"&rasterId=",Y130) -> https://sig.aminerals.cl/imgdyn/rest/services/CL_MLP_PAO/CL_MLP_PAO_IF_Ortho_ALL/ImageServer/file?id=.%5CChacay_El_Mauro_Drone%5C25_04_09%5CCL_MLP_PAO_IF_Ortho_25_04_09_Ruta-D-847_01.tiff&rasterId=10543
A131: 130 | B131: Polygon | C131: CL_MLP_PAO_IF_Ortho_25_04_09_Ruta-D-847_02 | D131: 0 | E131: 0.528 | F131: 0.019999 | G131: 0.159996 | H131: 1 | I131: Dataset | L131: 317753.66 | M131: 6468776 | N131: 0 | O131: 21 | P131: 45901.947 | Q131: D600F5FE4E3983FF60E8BB1665F7C45E | R131: Ruta-D-847_02 | S131: DJI MATRICE 350 RTK | T131: PAO | U131: 45756 | V131: 45894 | W131: Activo | X131: https://sig.aminerals.cl/imgdyn/rest/services/CL_MLP_PAO/CL_MLP_PAO_IF_Ortho_ALL/ImageServer/file?id=.%5CChacay_El_Mauro_Drone%5C25_04_09%5CCL_MLP_PAO_IF_Ortho_25_04_09_Ruta-D-847_02.tiff | Y131: =VLOOKUP(C131,$A$226:$B$414,2,FALSE()) -> 10544 | Z131: =CONCATENATE(X131,"&rasterId=",Y131) -> https://sig.aminerals.cl/imgdyn/rest/services/CL_MLP_PAO/CL_MLP_PAO_IF_Ortho_ALL/ImageServer/file?id=.%5CChacay_El_Mauro_Drone%5C25_04_09%5CCL_MLP_PAO_IF_Ortho_25_04_09_Ruta-D-847_02.tiff&rasterId=10544
A132: 131 | B132: Polygon | C132: CL_MLP_PAO_IF_Ortho_25_04_09_Ruta-D-847_03 | D132: 0 | E132: 0.528 | F132: 0.019999 | G132: 0.159995 | H132: 1 | I132: Dataset | L132: 317550.5 | M132: 6468767.5 | N132: 0 | O132: 21 | P132: 45901.947 | Q132: CA2ECD0D6196954C4003DDFFFFF71AFA | R132: Ruta-D-847_03 | S132: DJI MATRICE 350 RTK | T132: PAO | U132: 45756 | V132: 45894 | W132: Activo | X132: https://sig.aminerals.cl/imgdyn/rest/services/CL_MLP_PAO/CL_MLP_PAO_IF_Ortho_ALL/ImageServer/file?id=.%5CChacay_El_Mauro_Drone%5C25_04_09%5CCL_MLP_PAO_IF_Ortho_25_04_09_Ruta-D-847_03.tiff | Y132: =VLOOKUP(C132,$A$226:$B$414,2,FALSE()) -> 10545 | Z132: =CONCATENATE(X132,"&rasterId=",Y132) -> https://sig.aminerals.cl/imgdyn/rest/services/CL_MLP_PAO/CL_MLP_PAO_IF_Ortho_ALL/ImageServer/file?id=.%5CChacay_El_Mauro_Drone%5C25_04_09%5CCL_MLP_PAO_IF_Ortho_25_04_09_Ruta-D-847_03.tiff&rasterId=10545
A133: 132 | B133: Polygon | C133: CL_MLP_PAO_IF_Ortho_25_05_15_DME9_PA12_IIFF8 | D133: 0 | E133: 0.528 | F133: 0.015 | G133: 0.24 | H133: 1 | I133: Dataset | L133: 322805.49 | M133: 6470093.3 | N133: 0 | O133: 21 | P133: 45894.573 | Q133: 214F881E3C6091C2A97285C684A12137 | R133: DME9_PA12_IIFF8 | S133: DJI MATRICE 350 RTK | T133: PAO | U133: 45792 | V133: 45894 | W133: Activo | X133: https://sig.aminerals.cl/imgdyn/rest/services/CL_MLP_PAO/CL_MLP_PAO_IF_Ortho_ALL/ImageServer/file?id=.%5CChacay_El_Mauro_Drone%5C25_05_15%5CCL_MLP_PAO_IF_Ortho_25_05_15_DME9_PA12_IIFF8.tiff | Y133: =VLOOKUP(C133,$A$226:$B$414,2,FALSE()) -> 10546 | Z133: =CONCATENATE(X133,"&rasterId=",Y133) -> https://sig.aminerals.cl/imgdyn/rest/services/CL_MLP_PAO/CL_MLP_PAO_IF_Ortho_ALL/ImageServer/file?id=.%5CChacay_El_Mauro_Drone%5C25_05_15%5CCL_MLP_PAO_IF_Ortho_25_05_15_DME9_PA12_IIFF8.tiff&rasterId=10546
A134: 133 | B134: Polygon | C134: CL_MLP_PAO_IF_Ortho_25_05_15_ED1_IIFF7_DME8 | D134: 0 | E134: 0.528 | F134: 0.0145 | G134: 0.232 | H134: 1 | I134: Dataset | L134: 327967.93 | M134: 6468902.8 | N134: 0 | O134: 21 | P134: 45894.573 | Q134: 5B143228E16F0BDEA4A07C3C5F8EE9F4 | R134: ED1_IIFF7_DME8 | S134: DJI MATRICE 350 RTK | T134: PAO | U134: 45792 | V134: 45894 | W134: Activo | X134: https://sig.aminerals.cl/imgdyn/rest/services/CL_MLP_PAO/CL_MLP_PAO_IF_Ortho_ALL/ImageServer/file?id=.%5CChacay_El_Mauro_Drone%5C25_05_15%5CCL_MLP_PAO_IF_Ortho_25_05_15_ED1_IIFF7_DME8.tiff | Y134: =VLOOKUP(C134,$A$226:$B$414,2,FALSE()) -> 10547 | Z134: =CONCATENATE(X134,"&rasterId=",Y134) -> https://sig.aminerals.cl/imgdyn/rest/services/CL_MLP_PAO/CL_MLP_PAO_IF_Ortho_ALL/ImageServer/file?id=.%5CChacay_El_Mauro_Drone%5C25_05_15%5CCL_MLP_PAO_IF_Ortho_25_05_15_ED1_IIFF7_DME8.tiff&rasterId=10547
... A222: 221 | B222: Polygon | C222: CL_MLP_PAO_IF_Ortho_25_08_28_Instalacion_FaenaN15_Alrededores_Tipay_2 | D222: 0 | E222: 1.584 | F222: 0.0175 | G222: 0.56 | H222: 1 | I222: Dataset | L222: 302715 | M222: 6461956.7 | N222: 0 | O222: 26 | P222: 45903.632 | Q222: B285A5A3513F423D650CC78E4A5A1976 | R222: CL_MLP_PAO_IF_Ortho_25_08_28_Instalacion_FaenaN15_Alrededores_Tipay_2 | S222: DJI MATRICE 350 RTK | T222: PAO | U222: 45902 | V222: 45903 | W222: Activo | X222: https://sig.aminerals.cl/imgdyn/rest/services/CL_MLP_PAO/CL_MLP_PAO_IF_Ortho_ALL/ImageServer/file?id=.%5CEl_Mauro_Puerto_Punta_Chungo_Drone%5C25_08_28%5CCL_MLP_PAO_IF_Ortho_25_08_28_Instalacion_FaenaN15_Alrededores_Tipay_2.tiff | Y222: =VLOOKUP(C222,$A$226:$B$414,2,FALSE()) -> 12889 | Z222: =CONCATENATE(X222,"&rasterId=",Y222) -> https://sig.aminerals.cl/imgdyn/rest/services/CL_MLP_PAO/CL_MLP_PAO_IF_Ortho_ALL/ImageServer/file?id=.%5CEl_Mauro_Puerto_Punta_Chungo_Drone%5C25_08_28%5CCL_MLP_PAO_IF_Ortho_25_08_28_Instalacion_FaenaN15_Alrededores_Tipay_2.tiff&rasterId=12889
A224: ALL
A225: Name | B225: OBJECTID *
A226: CL_MLP_PAO_IF_Ortho_25_03_12_SRA2 | B226: 10536
A227: CL_MLP_PAO_IF_Ortho_25_02_26_Area1_Cuncumen-D835 | B227: 10537
A228: CL_MLP_PAO_IF_Ortho_25_02_26_Area2_Cuncumen-D835 | B228: 10538
A229: CL_MLP_PAO_IF_Ortho_25_02_26_RutaD835 | B229: 10539
A230: CL_MLP_PAO_IF_Ortho_25_04_02_DME-13 | B230: 10540
A231: CL_MLP_PAO_IF_Ortho_25_04_02_Patio-Acopio-17 | B231: 10541
A232: CL_MLP_PAO_IF_Ortho_25_04_02_Ruta-SE-a-DME-13 | B232: 10542
A233: CL_MLP_PAO_IF_Ortho_25_04_09_Ruta-D-847_01 | B233: 10543
A234: CL_MLP_PAO_IF_Ortho_25_04_09_Ruta-D-847_02 | B234: 10544
A235: CL_MLP_PAO_IF_Ortho_25_04_09_Ruta-D-847_03 | B235: 10545
A236: CL_MLP_PAO_IF_Ortho_25_05_15_DME9_PA12_IIFF8 | B236: 10546
A237: CL_MLP_PAO_IF_Ortho_25_05_15_ED1_IIFF7_DME8 | B237: 10547
... A414: CL_MLP_PAO_IF_Ortho_25_08_28_Instalacion_FaenaN15_Alrededores_Tipay_2 | B414: 12889
A416: TRANSVERSAL
A417: Name | B417: OBJECTID *
A418: CL_MLP_PAO_IF_Ortho_25_02_01_Transversal_TR_0 | B418: 9803
A419: CL_MLP_PAO_IF_Ortho_25_02_01_Transversal_TR_1 | B419: 9804
A420: CL_MLP_PAO_IF_Ortho_25_02_01_Transversal_TR_10 | B420: 9805
A421: CL_MLP_PAO_IF_Ortho_25_02_01_Transversal_TR_100 | B421: 9806
A422: CL_MLP_PAO_IF_Ortho_25_02_01_Transversal_TR_101 | B422: 9807
A423: CL_MLP_PAO_IF_Ortho_25_02_01_Transversal_TR_102 | B423: 9808
A424: CL_MLP_PAO_IF_Ortho_25_02_01_Transversal_TR_103 | B424: 9809
A425: CL_MLP_PAO_IF_Ortho_25_02_01_Transversal_TR_104 | B425: 9810
A426: CL_MLP_PAO_IF_Ortho_25_02_01_Transversal_TR_105 | B426: 9811
A427: CL_MLP_PAO_IF_Ortho_25_02_01_Transversal_TR_106 | B427: 9812
A428: CL_MLP_PAO_IF_Ortho_25_02_01_Transversal_TR_107 | B428: 9813
A429: CL_MLP_PAO_IF_Ortho_25_02_01_Transversal_TR_108 | B429: 9814
... A538: CL_MLP_PAO_IF_Ortho_25_02_01_Transversal_TR_99 | B538: 9923
